# Elementary (A2) vocabulary, written for Flex Academy (NOT from a source file).
# word <TAB> Uzbek translation <TAB> part of speech <TAB> IPA (British) <TAB> example with the word in {braces}.
# Uzbek translations should be reviewed by a teacher before the set is published.
good	yaxshi	adj	/ɡʊd/	This is a {good} book.
big	katta	adj	/bɪɡ/	They live in a {big} house.
new	yangi	adj	/njuː/	I have a {new} phone.
hot	issiq	adj	/hɒt/	The tea is very {hot}.
long	uzun	adj	/lɒŋ/	She has {long} black hair.
happy	baxtli, xursand	adj	/ˈhæpi/	The children are {happy} today.
young	yosh	adj	/jʌŋ/	My uncle is still {young}.
right	to'g'ri	adj	/raɪt/	Your answer is {right}.
high	baland	adj	/haɪ/	This mountain is very {high}.
wide	keng	adj	/waɪd/	The river is very {wide} here.
heavy	og'ir	adj	/ˈhevi/	This box is too {heavy} for me.
light	yengil	adj	/laɪt/	My bag is {light}, I can carry it.
full	to'la	adj	/fʊl/	The bus is {full} of people.
empty	bo'sh	adj	/ˈempti/	The fridge is {empty}.
clean	toza	adj	/kliːn/	My room is {clean} now.
cheap	arzon	adj	/tʃiːp/	These shoes are very {cheap}.
expensive	qimmat	adj	/ɪkˈspensɪv/	This watch is too {expensive}.
easy	oson	adj	/ˈiːzi/	The test was {easy}.
difficult	qiyin	adj	/ˈdɪfɪkəlt/	Chinese is a {difficult} language.
early	erta	adj	/ˈɜːli/	I get up {early} every day.
fast	tez	adj	/fɑːst/	This car is very {fast}.
free	bepul, bo'sh	adj	/friː/	The museum is {free} on Sundays.
busy	band	adj	/ˈbɪzi/	I am {busy} today, sorry.
ready	tayyor	adj	/ˈredi/	Dinner is {ready}!
sure	ishonchli, aniq	adj	/ʃɔː/	Are you {sure} about that?
true	rost, haqiqiy	adj	/truː/	Is this story {true}?
real	haqiqiy	adj	/rɪəl/	Is this a {real} diamond?
important	muhim	adj	/ɪmˈpɔːtnt/	This meeting is very {important}.
interesting	qiziqarli	adj	/ˈɪntrəstɪŋ/	This is an {interesting} film.
boring	zerikarli	adj	/ˈbɔːrɪŋ/	The lesson was {boring} today.
beautiful	go'zal	adj	/ˈbjuːtɪfl/	Samarkand is a {beautiful} city.
ugly	xunuk	adj	/ˈʌɡli/	That old building is {ugly}.
pretty	chiroyli	adj	/ˈprɪti/	She is wearing a {pretty} dress.
handsome	kelishgan	adj	/ˈhænsəm/	Her brother is tall and {handsome}.
tall	baland bo'yli	adj	/tɔːl/	My father is very {tall}.
fat	semiz	adj	/fæt/	Our cat is getting {fat}.
slim	xipcha, ozg'in	adj	/slɪm/	She is {slim} and tall.
curly	jingalak	adj	/ˈkɜːli/	The baby has {curly} hair.
famous	mashhur	adj	/ˈfeɪməs/	He is a {famous} singer.
friendly	do'stona, xushmuomala	adj	/ˈfrendli/	Our neighbours are very {friendly}.
funny	kulgili	adj	/ˈfʌni/	He told us a {funny} story.
kind	mehribon	adj	/kaɪnd/	Thank you, you are very {kind}.
clever	aqlli	adj	/ˈklevə/	She is a {clever} student.
lazy	dangasa	adj	/ˈleɪzi/	Don't be {lazy}, do your homework.
polite	xushmuomala, odobli	adj	/pəˈlaɪt/	Always be {polite} to older people.
rude	qo'pol, odobsiz	adj	/ruːd/	It is {rude} to talk with your mouth full.
honest	halol, rostgo'y	adj	/ˈɒnɪst/	He is an {honest} man.
shy	uyatchan	adj	/ʃaɪ/	The new girl is a little {shy}.
quiet	jim, sokin	adj	/ˈkwaɪət/	Please be {quiet} in the library.
calm	xotirjam	adj	/kɑːm/	Stay {calm} and listen.
careful	ehtiyotkor	adj	/ˈkeəfl/	Be {careful}, the road is wet.
serious	jiddiy	adj	/ˈsɪəriəs/	This is a {serious} problem.
strict	qattiqqo'l	adj	/strɪkt/	Our teacher is kind but {strict}.
generous	saxiy	adj	/ˈdʒenərəs/	My grandfather is very {generous}.
brave	mard	adj	/breɪv/	The {brave} firefighter saved the cat.
lucky	omadli	adj	/ˈlʌki/	You are {lucky} to have such good friends.
proud	faxrlanuvchi	adj	/praʊd/	My parents are {proud} of me.
angry	jahli chiqqan	adj	/ˈæŋɡri/	Why are you {angry} with me?
bored	zerikkan	adj	/bɔːd/	I am {bored}, let's go out.
excited	hayajonlangan	adj	/ɪkˈsaɪtɪd/	The children are {excited} about the trip.
tired	charchagan	adj	/ˈtaɪəd/	I am very {tired} after work.
hungry	och	adj	/ˈhʌŋɡri/	I am {hungry}, let's eat.
thirsty	chanqagan	adj	/ˈθɜːsti/	I am {thirsty}, can I have some water?
sleepy	uyqusi kelgan	adj	/ˈsliːpi/	The baby is {sleepy}.
worried	xavotirlangan	adj	/ˈwʌrid/	Mum is {worried} about my exam.
upset	xafa	adj	/ʌpˈset/	She was {upset} about the news.
nervous	hayajonli, asabiy	adj	/ˈnɜːvəs/	I always feel {nervous} before a test.
glad	xursand	adj	/ɡlæd/	I am {glad} to see you.
lonely	yolg'iz, g'amgin	adj	/ˈləʊnli/	He feels {lonely} in the new city.
alone	yolg'iz	adj	/əˈləʊn/	She lives {alone}.
crazy	aqldan ozgan	adj	/ˈkreɪzi/	That is a {crazy} idea!
amazing	ajoyib	adj	/əˈmeɪzɪŋ/	The view from the mountain is {amazing}.
wonderful	ajoyib, zo'r	adj	/ˈwʌndəfl/	We had a {wonderful} time.
terrible	dahshatli	adj	/ˈterəbl/	The weather was {terrible} yesterday.
awful	juda yomon	adj	/ˈɔːfl/	This coffee tastes {awful}.
perfect	mukammal	adj	/ˈpɜːfɪkt/	Your English is almost {perfect}.
excellent	a'lo	adj	/ˈeksələnt/	You got an {excellent} mark.
popular	ommabop	adj	/ˈpɒpjələ/	Football is very {popular} in Uzbekistan.
modern	zamonaviy	adj	/ˈmɒdn/	They live in a {modern} flat.
ancient	qadimiy	adj	/ˈeɪnʃənt/	Bukhara is an {ancient} city.
comfortable	qulay	adj	/ˈkʌmftəbl/	This chair is very {comfortable}.
dangerous	xavfli	adj	/ˈdeɪndʒərəs/	It is {dangerous} to swim here.
delicious	mazali	adj	/dɪˈlɪʃəs/	Mum's plov is {delicious}.
fresh	yangi uzilgan	adj	/freʃ/	We buy {fresh} bread every morning.
sweet	shirin	adj	/swiːt/	These grapes are very {sweet}.
salty	sho'r	adj	/ˈsɔːlti/	The soup is too {salty}.
spicy	achchiq, ziravorli	adj	/ˈspaɪsi/	I don't like {spicy} food.
sour	nordon	adj	/ˈsaʊə/	Lemons are {sour}.
warm	iliq	adj	/wɔːm/	It is {warm} in spring.
cool	salqin	adj	/kuːl/	The evenings are {cool} in autumn.
wet	ho'l	adj	/wet/	My shoes are {wet} from the rain.
deep	chuqur	adj	/diːp/	The lake is very {deep}.
round	dumaloq	adj	/raʊnd/	We have a {round} table in the kitchen.
flat	yassi, tekis	adj	/flæt/	The land here is {flat}.
sharp	o'tkir	adj	/ʃɑːp/	Be careful, the knife is {sharp}.
bright	yorqin	adj	/braɪt/	The room is {bright} and sunny.
quick	tez, chaqqon	adj	/kwɪk/	Can I ask a {quick} question?
possible	mumkin bo'lgan	adj	/ˈpɒsəbl/	Is it {possible} to change the ticket?
impossible	imkonsiz	adj	/ɪmˈpɒsəbl/	Nothing is {impossible}.
necessary	zarur	adj	/ˈnesəsəri/	Is it {necessary} to bring a passport?
useful	foydali	adj	/ˈjuːsfl/	This dictionary is very {useful}.
favourite	eng yoqimli, sevimli	adj	/ˈfeɪvərɪt/	Blue is my {favourite} colour.
own	o'z(ining)	adj	/əʊn/	I have my {own} room.
same	bir xil	adj	/seɪm/	We are in the {same} class.
other	boshqa	adj	/ˈʌðə/	Where is the {other} shoe?
next	keyingi	adj	/nekst/	See you {next} week!
whole	butun	adj	/həʊl/	I ate the {whole} cake.
main	asosiy	adj	/meɪn/	This is the {main} street of the city.
foreign	chet el	adj	/ˈfɒrən/	Do you speak a {foreign} language?
international	xalqaro	adj	/ˌɪntəˈnæʃnəl/	Tashkent has an {international} airport.
national	milliy	adj	/ˈnæʃnəl/	Plov is our {national} dish.
public	jamoat, ommaviy	adj	/ˈpʌblɪk/	Is there a {public} toilet here?
private	shaxsiy, xususiy	adj	/ˈpraɪvət/	She goes to a {private} school.
alive	tirik	adj	/əˈlaɪv/	The fish is still {alive}.
broken	singan	adj	/ˈbrəʊkən/	My phone is {broken}.
closed	yopiq	adj	/kləʊzd/	The shop is {closed} on Sundays.
lost	yo'qolgan	adj	/lɒst/	We are {lost}, can you help us?
missing	yo'qolgan, yetishmayotgan	adj	/ˈmɪsɪŋ/	One page is {missing} from my book.
correct	to'g'ri	adj	/kəˈrekt/	Tick the {correct} answer.
ok	yaxshi, ma'qul	adj	/ˌəʊˈkeɪ/	Is it {ok} if I sit here?
fine	yaxshi	adj	/faɪn/	I'm {fine}, thank you.
afraid	qo'rqqan	adj	/əˈfreɪd/	The little girl is {afraid} of dogs.
surprised	hayron	adj	/səˈpraɪzd/	I was {surprised} to see him there.
interested	qiziqqan	adj	/ˈɪntrəstɪd/	Are you {interested} in art?
able	qodir	adj	/ˈeɪbl/	Will you be {able} to come tomorrow?
similar	o'xshash	adj	/ˈsɪmələ/	Our bags are very {similar}.
usual	odatiy	adj	/ˈjuːʒuəl/	Let's meet at the {usual} place.
extra	qo'shimcha	adj	/ˈekstrə/	Take an {extra} pen to the exam.
single	yagona, bitta	adj	/ˈsɪŋɡl/	I didn't make a {single} mistake.
double	ikki kishilik, qo'sh	adj	/ˈdʌbl/	We booked a {double} room.
arrive	yetib kelmoq	v	/əˈraɪv/	What time does the train {arrive}?
invite	taklif qilmoq	v	/ɪnˈvaɪt/	I want to {invite} you to my party.
visit	tashrif buyurmoq	v	/ˈvɪzɪt/	We {visit} our grandparents every Sunday.
return	qaytmoq	v	/rɪˈtɜːn/	When will you {return} from London?
enjoy	zavqlanmoq	v	/ɪnˈdʒɔɪ/	I {enjoy} reading books.
prefer	afzal ko'rmoq	v	/prɪˈfɜː/	I {prefer} tea to coffee.
want	xohlamoq	v	/wɒnt/	I {want} a glass of water.
hope	umid qilmoq	v	/həʊp/	I {hope} you feel better soon.
wish	orzu qilmoq, tilamoq	v	/wɪʃ/	I {wish} you a happy birthday.
dream	tush ko'rmoq, orzu qilmoq	v	/driːm/	I often {dream} about flying.
guess	taxmin qilmoq	v	/ɡes/	Can you {guess} my age?
imagine	tasavvur qilmoq	v	/ɪˈmædʒɪn/	{Imagine} a world without cars.
laugh	kulmoq	v	/lɑːf/	The jokes made us {laugh}.
smile	jilmaymoq	v	/smaɪl/	{Smile}, please! I'm taking a photo.
cry	yig'lamoq	v	/kraɪ/	The baby started to {cry}.
shout	baqirmoq	v	/ʃaʊt/	Please don't {shout}, I can hear you.
sing	qo'shiq aytmoq	v	/sɪŋ/	She likes to {sing} in the shower.
dance	raqsga tushmoq	v	/dɑːns/	Do you want to {dance}?
draw	chizmoq	v	/drɔː/	My little brother likes to {draw} animals.
paint	bo'yamoq	v	/peɪnt/	We are going to {paint} the kitchen green.
swim	suzmoq	v	/swɪm/	Can you {swim}?
jump	sakramoq	v	/dʒʌmp/	The cat can {jump} very high.
climb	tirmashmoq, chiqmoq	v	/klaɪm/	Let's {climb} that hill.
ride	minmoq	v	/raɪd/	I {ride} my bike to school.
drive	mashina haydamoq	v	/draɪv/	My mother can {drive} a car.
catch	ushlamoq	v	/kætʃ/	{Catch} the ball!
throw	otmoq, uloqtirmoq	v	/θrəʊ/	Don't {throw} stones.
kick	tepmoq	v	/kɪk/	He can {kick} the ball very far.
hit	urmoq	v	/hɪt/	Don't {hit} your brother!
push	itarmoq	v	/pʊʃ/	{Push} the door to open it.
pull	tortmoq	v	/pʊl/	{Pull} the rope hard.
lift	ko'tarmoq	v	/lɪft/	I can't {lift} this box.
drop	tushirib yubormoq	v	/drɒp/	Don't {drop} the plates!
pick	tanlamoq, termoq	v	/pɪk/	{Pick} a card, any card.
choose	tanlamoq	v	/tʃuːz/	You can {choose} any colour.
collect	yig'moq, to'plamoq	v	/kəˈlekt/	My brother likes to {collect} stamps.
count	sanamoq	v	/kaʊnt/	Can you {count} to a hundred in English?
measure	o'lchamoq	v	/ˈmeʒə/	{Measure} the length of the table.
check	tekshirmoq	v	/tʃek/	Please {check} your answers.
compare	solishtirmoq	v	/kəmˈpeə/	{Compare} these two pictures.
describe	tasvirlamoq	v	/dɪˈskraɪb/	Can you {describe} your house?
repeat	takrorlamoq	v	/rɪˈpiːt/	Please {repeat} after me.
practise	mashq qilmoq	v	/ˈpræktɪs/	You should {practise} English every day.
teach	o'rgatmoq	v	/tiːtʃ/	My mother will {teach} me to cook.
improve	yaxshilamoq	v	/ɪmˈpruːv/	I want to {improve} my English.
pass	topshirmoq (imtihon)	v	/pɑːs/	I hope I {pass} the exam.
fail	muvaffaqiyatsizlikka uchramoq	v	/feɪl/	If you don't study, you will {fail}.
join	qo'shilmoq	v	/dʒɔɪn/	Do you want to {join} our team?
belong	tegishli bo'lmoq	v	/bɪˈlɒŋ/	Does this bag {belong} to you?
contain	o'z ichiga olmoq	v	/kənˈteɪn/	This box may {contain} old books.
include	o'z ichiga olmoq, qo'shmoq	v	/ɪnˈkluːd/	Does the price {include} breakfast?
depend	bog'liq bo'lmoq	v	/dɪˈpend/	It will {depend} on the weather.
seem	tuyulmoq	v	/siːm/	You {seem} tired today.
appear	paydo bo'lmoq	v	/əˈpɪə/	The sun will {appear} soon.
disappear	g'oyib bo'lmoq	v	/ˌdɪsəˈpɪə/	My keys always {disappear}!
apartment	kvartira	n	/əˈpɑːtmənt/	They rent an {apartment} in the city centre.
garage	garaj	n	/ˈɡærɑːʒ/	Dad keeps the car in the {garage}.
basement	yerto'la	n	/ˈbeɪsmənt/	We keep old things in the {basement}.
lift	lift	n	/lɪft/	Let's take the {lift} to the ninth floor.
gate	darvoza	n	/ɡeɪt/	Please close the {gate} behind you.
key ring	kalit halqasi	n	/ˈkiː rɪŋ/	I lost my {key ring} with all my keys.
neighbourhood	mahalla	n	/ˈneɪbəhʊd/	We live in a quiet {neighbourhood}.
drawer	tortma	n	/drɔː/	The spoons are in the top {drawer}.
cupboard	javon, shkaf	n	/ˈkʌbəd/	Put the cups in the {cupboard}.
bookcase	kitob javoni	n	/ˈbʊkkeɪs/	There is a tall {bookcase} in my room.
desk	yozuv stoli	n	/desk/	I do my homework at my {desk}.
sink	rakovina	n	/sɪŋk/	Put the dirty plates in the {sink}.
bath	vanna	n	/bɑːθ/	The baby is in the {bath}.
washing machine	kir yuvish mashinasi	n	/ˈwɒʃɪŋ məʃiːn/	The {washing machine} is broken.
dishwasher	idish yuvish mashinasi	n	/ˈdɪʃwɒʃə/	Put the plates in the {dishwasher}.
vacuum cleaner	changyutgich	n	/ˈvækjuəm kliːnə/	Where is the {vacuum cleaner}?
heater	isitgich	n	/ˈhiːtə/	Turn on the {heater}, it's cold.
air conditioner	konditsioner	n	/ˈeə kəndɪʃənə/	The {air conditioner} makes the room cool.
light bulb	lampochka	n	/ˈlaɪt bʌlb/	We need a new {light bulb} in the kitchen.
candle	sham	n	/ˈkændl/	She lit a {candle} on the table.
picture frame	rasm ramkasi	n	/ˈpɪktʃə freɪm/	I put our photo in a {picture frame}.
plant pot	gul tuvak	n	/ˈplɑːnt pɒt/	The {plant pot} is on the balcony.
rubbish	axlat	n	/ˈrʌbɪʃ/	Please take the {rubbish} out.
bin	axlat qutisi	n	/bɪn/	Put the paper in the {bin}.
housework	uy ishlari	n	/ˈhaʊswɜːk/	I help my mother with the {housework}.
tidy	tartibli	adj	/ˈtaɪdi/	Keep your room {tidy}.
messy	tartibsiz	adj	/ˈmesi/	My brother's room is always {messy}.
wash	yuvmoq	v	/wɒʃ/	{Wash} your hands before dinner.
clean up	yig'ishtirmoq	phrase	/kliːn ˈʌp/	Please {clean up} your room.
tidy up	tartibga keltirmoq	phrase	/ˈtaɪdi ʌp/	Let's {tidy up} before the guests come.
iron	dazmollamoq	v	/ˈaɪən/	I need to {iron} my shirt.
sweep	supurmoq	v	/swiːp/	{Sweep} the floor, please.
repair	ta'mirlamoq	v	/rɪˈpeə/	Can you {repair} my bike?
fix	tuzatmoq	v	/fɪks/	Dad will {fix} the door tomorrow.
build	qurmoq	v	/bɪld/	They {build} new houses near the park.
rent	ijaraga olmoq	v	/rent/	We {rent} a flat near the university.
share	baham ko'rmoq	v	/ʃeə/	I {share} a room with my brother.
lock	qulflamoq	v	/lɒk/	Don't forget to {lock} the door.
knock	taqillatmoq	v	/nɒk/	Please {knock} before you come in.
ring	jiringlamoq	v	/rɪŋ/	The phone will {ring} at nine.
boil	qaynatmoq	v	/bɔɪl/	{Boil} the water for tea.
fry	qovurmoq	v	/fraɪ/	{Fry} the onions in oil.
bake	pishirmoq (pechda)	v	/beɪk/	My grandmother likes to {bake} bread.
mix	aralashtirmoq	v	/mɪks/	{Mix} the flour and the eggs.
pour	quymoq	v	/pɔː/	{Pour} the milk into a glass.
peel	po'stini archmoq	v	/piːl/	{Peel} the potatoes, please.
slice	bo'laklarga kesmoq	v	/slaɪs/	{Slice} the bread thinly.
taste	tatib ko'rmoq	v	/teɪst/	{Taste} the soup, is it good?
smell	hidlamoq	v	/smel/	{Smell} these flowers.
order	buyurtma qilmoq	v	/ˈɔːdə/	Are you ready to {order}?
serve	tortmoq (ovqat)	v	/sɜːv/	They {serve} breakfast from seven to ten.
recipe	retsept	n	/ˈresəpi/	Can you give me the {recipe} for this cake?
ingredient	masalliq	n	/ɪnˈɡriːdiənt/	Rice is the main {ingredient} of plov.
menu	menyu	n	/ˈmenjuː/	Can we see the {menu}, please?
dessert	desert, shirinlik	n	/dɪˈzɜːt/	What would you like for {dessert}?
snack	yengil tamaddi	n	/snæk/	I have a {snack} after school.
dish	taom	n	/dɪʃ/	Plov is a famous Uzbek {dish}.
portion	porsiya	n	/ˈpɔːʃn/	This {portion} is too big for me.
slice	bo'lak, tilim	n	/slaɪs/	Can I have a {slice} of pizza?
bowl	kosa	n	/bəʊl/	I eat soup from a {bowl}.
tray	patnis	n	/treɪ/	Put the cups on a {tray}.
pot	qozon, kastryul	n	/pɒt/	Cook the rice in a big {pot}.
jar	shisha idish, banka	n	/dʒɑː/	There is honey in the {jar}.
can	konserva bankasi	n	/kæn/	Open a {can} of tomatoes.
packet	paket, qadoq	n	/ˈpækɪt/	Buy a {packet} of biscuits.
biscuit	pechenye	n	/ˈbɪskɪt/	Would you like a {biscuit} with your tea?
beans	loviya	n	/biːnz/	I like soup with {beans}.
peas	no'xat	n	/piːz/	Add some {peas} to the salad.
lettuce	salat bargi	n	/ˈletɪs/	Wash the {lettuce} well.
tuna	tuna baliq	n	/ˈtjuːnə/	I made a sandwich with {tuna}.
steak	steyk	n	/steɪk/	He ordered a {steak} with potatoes.
pasta	makaron	n	/ˈpæstə/	We have {pasta} for dinner.
pizza	pitsa	n	/ˈpiːtsə/	Let's order a {pizza}.
burger	burger	n	/ˈbɜːɡə/	I'd like a {burger} and chips.
chips	kartoshka fri	n	/tʃɪps/	Fish and {chips} is a British dish.
cereal	yorma, nonushta donlari	n	/ˈsɪəriəl/	I eat {cereal} with milk for breakfast.
toast	qizartirilgan non	n	/təʊst/	I have {toast} and jam in the morning.
lemonade	limonad	n	/ˌleməˈneɪd/	A glass of {lemonade}, please.
mineral water	mineral suv	n	/ˈmɪnərəl wɔːtə/	I'd like a bottle of {mineral water}.
vegetarian	vegetarian	n	/ˌvedʒəˈteəriən/	My sister is a {vegetarian}, she doesn't eat meat.
waitress	ofitsiantka	n	/ˈweɪtrəs/	The {waitress} brought our drinks.
chef	oshpaz	n	/ʃef/	The {chef} cooks very well.
customer	xaridor	n	/ˈkʌstəmə/	The shop assistant is helping a {customer}.
cashier	kassir	n	/kæˈʃɪə/	Pay the {cashier} at the exit.
receipt	chek	n	/rɪˈsiːt/	Can I have a {receipt}, please?
price tag	narx yorlig'i	n	/ˈpraɪs tæɡ/	Look at the {price tag}.
sale	chegirmali savdo	n	/seɪl/	These jeans were on {sale}.
shopping	xarid qilish	n	/ˈʃɒpɪŋ/	We go {shopping} on Saturdays.
supermarket	supermarket	n	/ˈsuːpəmɑːkɪt/	I buy food at the {supermarket}.
bakery	nonvoyxona	n	/ˈbeɪkəri/	There is a {bakery} near my house.
butcher	qassob	n	/ˈbʊtʃə/	Buy some meat at the {butcher}'s shop.
department store	univermag	n	/dɪˈpɑːtmənt stɔː/	The {department store} sells clothes and toys.
shopping centre	savdo markazi	n	/ˈʃɒpɪŋ sentə/	Let's meet at the {shopping centre}.
queue	navbat	n	/kjuː/	There is a long {queue} at the bank.
credit card	kredit karta	n	/ˈkredɪt kɑːd/	Can I pay by {credit card}?
coin	tanga	n	/kɔɪn/	I found a {coin} on the street.
change	qaytim	n	/tʃeɪndʒ/	Here is your {change}.
cost	turmoq (narx)	v	/kɒst/	How much does this bag {cost}?
save	tejamoq	v	/seɪv/	I want to {save} money for a bike.
try on	kiyib ko'rmoq	phrase	/traɪ ˈɒn/	Can I {try on} these shoes?
fit	mos kelmoq (o'lcham)	v	/fɪt/	These trousers don't {fit} me.
wear	kiymoq	v	/weə/	I {wear} a uniform at school.
bracelet	bilaguzuk	n	/ˈbreɪslət/	She has a silver {bracelet}.
necklace	marjon, bo'yinmunchoq	n	/ˈnekləs/	Her {necklace} is beautiful.
earrings	sirg'alar	n	/ˈɪərɪŋz/	She is wearing gold {earrings}.
ring	uzuk	n	/rɪŋ/	He gave her a {ring}.
watch	qo'l soati	n	/wɒtʃ/	My {watch} is five minutes fast.
umbrella	soyabon	n	/ʌmˈbrelə/	Take an {umbrella}, it's raining.
sunglasses	quyosh ko'zoynagi	n	/ˈsʌnɡlɑːsɪz/	Wear {sunglasses} in summer.
pocket	cho'ntak	n	/ˈpɒkɪt/	My phone is in my {pocket}.
button	tugma	n	/ˈbʌtn/	A {button} is missing from my coat.
uniform	forma	n	/ˈjuːnɪfɔːm/	We wear a {uniform} at school.
pyjamas	pijama	n	/pəˈdʒɑːməz/	The children are in their {pyjamas}.
slippers	shippak	n	/ˈslɪpəz/	Put on your {slippers}.
sandals	sandal	n	/ˈsændlz/	I wear {sandals} in summer.
tracksuit	sport kostyumi	n	/ˈtræksuːt/	He wears a {tracksuit} to the gym.
fashion	moda	n	/ˈfæʃn/	She is interested in {fashion}.
style	uslub	n	/staɪl/	I like your {style}.
cotton	paxta, ip gazlama	n	/ˈkɒtn/	This shirt is made of {cotton}.
wool	jun	n	/wʊl/	My sweater is made of {wool}.
leather	charm	n	/ˈleðə/	He has a {leather} jacket.
silver	kumush	n	/ˈsɪlvə/	This ring is made of {silver}.
gold	oltin	n	/ɡəʊld/	She has a {gold} watch.
plastic	plastmassa	n	/ˈplæstɪk/	The bottle is made of {plastic}.
glass	shisha	n	/ɡlɑːs/	The table is made of {glass}.
metal	metall	n	/ˈmetl/	The chair is made of {metal}.
wood	yog'och	n	/wʊd/	This table is made of {wood}.
toothbrush	tish cho'tkasi	n	/ˈtuːθbrʌʃ/	I need a new {toothbrush}.
toothpaste	tish pastasi	n	/ˈtuːθpeɪst/	We need to buy {toothpaste}.
shampoo	shampun	n	/ʃæmˈpuː/	This {shampoo} smells nice.
medicine	dori	n	/ˈmedsn/	Take this {medicine} twice a day.
pill	tabletka	n	/pɪl/	Take one {pill} after lunch.
dentist	tish shifokori	n	/ˈdentɪst/	I go to the {dentist} twice a year.
patient	bemor	n	/ˈpeɪʃnt/	The doctor is with a {patient}.
ambulance	tez yordam mashinasi	n	/ˈæmbjələns/	Call an {ambulance}!
appointment	uchrashuv (belgilangan vaqt)	n	/əˈpɔɪntmənt/	I have an {appointment} with the doctor.
toothache	tish og'rig'i	n	/ˈtuːθeɪk/	I have a {toothache}.
stomachache	qorin og'rig'i	n	/ˈstʌməkeɪk/	He has a {stomachache}.
backache	bel og'rig'i	n	/ˈbækeɪk/	My father has a {backache}.
cold	shamollash	n	/kəʊld/	I have a {cold}, I can't come.
sore	og'riyotgan	adj	/sɔː/	I have a {sore} throat.
injured	jarohatlangan	adj	/ˈɪndʒəd/	The player is {injured}.
hurt	og'rimoq, jarohatlamoq	v	/hɜːt/	My leg will {hurt} tomorrow.
rest	dam olmoq	v	/rest/	You should {rest} after work.
diet	parhez	n	/ˈdaɪət/	She is on a {diet}.
blood	qon	n	/blʌd/	There was {blood} on his knee.
skin	teri	n	/skɪn/	Protect your {skin} from the sun.
brain	miya	n	/breɪn/	The {brain} controls the body.
arm	qo'l (yelkadan tirsakkacha)	n	/ɑːm/	He broke his {arm}.
tongue	til (a'zo)	n	/tʌŋ/	The doctor looked at my {tongue}.
thumb	bosh barmoq	n	/θʌm/	I cut my {thumb}.
town	shaharcha	n	/taʊn/	I grew up in a small {town}.
capital	poytaxt	n	/ˈkæpɪtl/	Tashkent is the {capital} of Uzbekistan.
museum	muzey	n	/mjuˈziːəm/	We visited the history {museum}.
library	kutubxona	n	/ˈlaɪbrəri/	I borrow books from the {library}.
gallery	galereya	n	/ˈɡæləri/	There is an art {gallery} in the centre.
zoo	hayvonot bog'i	n	/zuː/	The children love the {zoo}.
stadium	stadion	n	/ˈsteɪdiəm/	The {stadium} was full of fans.
mosque	masjid	n	/mɒsk/	There is a beautiful {mosque} in the old town.
police station	politsiya bo'limi	n	/pəˈliːs steɪʃn/	The {police station} is next to the bank.
fire station	o't o'chirish bo'limi	n	/ˈfaɪə steɪʃn/	The {fire station} is on the corner.
petrol station	yoqilg'i quyish shoxobchasi	n	/ˈpetrəl steɪʃn/	Let's stop at the {petrol station}.
bus stop	avtobus bekati	n	/ˈbʌs stɒp/	I'll wait for you at the {bus stop}.
car park	avtoturargoh	n	/ˈkɑː pɑːk/	The {car park} is behind the supermarket.
traffic	transport harakati	n	/ˈtræfɪk/	There is a lot of {traffic} in the morning.
traffic lights	svetofor	n	/ˈtræfɪk laɪts/	Stop at the {traffic lights}.
crossing	piyodalar o'tish joyi	n	/ˈkrɒsɪŋ/	Cross the road at the {crossing}.
corner	burchak, muyulish	n	/ˈkɔːnə/	The café is on the {corner}.
direction	yo'nalish	n	/dəˈrekʃn/	Which {direction} is the station?
straight	to'g'ri (oldinga)	adv	/streɪt/	Go {straight} on and turn left.
across	orqali, narigi tomonga	prep	/əˈkrɒs/	Walk {across} the bridge.
along	bo'ylab	prep	/əˈlɒŋ/	We walked {along} the river.
past	yonidan o'tib	prep	/pɑːst/	Go {past} the bank and turn right.
opposite	ro'parasida	prep	/ˈɒpəzɪt/	The shop is {opposite} the school.
next to	yonida	prep	/ˈnekst tə/	The bank is {next to} the post office.
inside	ichida	adv	/ɪnˈsaɪd/	It's cold, let's go {inside}.
outside	tashqarida	adv	/ˌaʊtˈsaɪd/	The children are playing {outside}.
upstairs	yuqori qavatda	adv	/ˌʌpˈsteəz/	My bedroom is {upstairs}.
downstairs	pastki qavatda	adv	/ˌdaʊnˈsteəz/	The kitchen is {downstairs}.
nearby	yaqin atrofda	adv	/ˌnɪəˈbaɪ/	Is there a pharmacy {nearby}?
abroad	chet elda	adv	/əˈbrɔːd/	My cousin works {abroad}.
journey	sayohat, yo'l	n	/ˈdʒɜːni/	The {journey} to Bukhara takes five hours.
tour	ekskursiya	n	/tʊə/	We went on a {tour} of the old city.
tourist	sayyoh	n	/ˈtʊərɪst/	A {tourist} asked me the way to the museum.
passport	pasport	n	/ˈpɑːspɔːt/	Don't forget your {passport}.
visa	viza	n	/ˈviːzə/	Do I need a {visa} to visit Turkey?
flight	parvoz	n	/flaɪt/	Our {flight} leaves at six.
passenger	yo'lovchi	n	/ˈpæsɪndʒə/	Every {passenger} must show a ticket.
platform	platforma	n	/ˈplætfɔːm/	The train leaves from {platform} two.
timetable	jadval	n	/ˈtaɪmteɪbl/	Check the bus {timetable}.
reservation	bron qilish	n	/ˌrezəˈveɪʃn/	I have a {reservation} for two nights.
guide	gid, yo'lboshchi	n	/ɡaɪd/	Our {guide} told us about the city.
souvenir	esdalik sovg'a	n	/ˌsuːvəˈnɪə/	I bought a {souvenir} for my sister.
backpacker	ryukzakli sayyoh	n	/ˈbækpækə/	A young {backpacker} stayed in our hostel.
hostel	yotoqxona-mehmonxona	n	/ˈhɒstl/	We stayed in a cheap {hostel}.
reception	qabulxona	n	/rɪˈsepʃn/	Leave your key at {reception}.
taxi	taksi	n	/ˈtæksi/	Let's take a {taxi} to the airport.
motorbike	mototsikl	n	/ˈməʊtəbaɪk/	He rides a {motorbike} to work.
underground	metro	n	/ˈʌndəɡraʊnd/	We took the {underground} to the centre.
boat	qayiq	n	/bəʊt/	We went on a {boat} trip.
helicopter	vertolyot	n	/ˈhelɪkɒptə/	A {helicopter} landed on the hospital roof.
depart	jo'nab ketmoq	v	/dɪˈpɑːt/	The train will {depart} at 8:15.
land	qo'nmoq	v	/lænd/	The plane will {land} in an hour.
take off	uchib ketmoq	phrase	/teɪk ˈɒf/	The plane will {take off} soon.
miss	kechikib qolmoq	v	/mɪs/	Hurry, or we will {miss} the bus!
book	bron qilmoq	v	/bʊk/	I want to {book} a table for two.
pack	yig'ishtirmoq (jomadon)	v	/pæk/	Don't forget to {pack} your toothbrush.
explore	o'rganib chiqmoq	v	/ɪkˈsplɔː/	We want to {explore} the old city.
cross	kesib o'tmoq	v	/krɒs/	Look left and right before you {cross} the road.
park	to'xtatib qo'ymoq (mashina)	v	/pɑːk/	You can't {park} here.
hurry	shoshilmoq	v	/ˈhʌri/	{Hurry} up, we are late!
nature	tabiat	n	/ˈneɪtʃə/	I love walking in {nature}.
island	orol	n	/ˈaɪlənd/	They live on a small {island}.
desert	cho'l	n	/ˈdezət/	The Kyzylkum is a big {desert}.
hill	tepalik	n	/hɪl/	Our house is on a {hill}.
valley	vodiy	n	/ˈvæli/	The Fergana {valley} is very green.
waterfall	sharshara	n	/ˈwɔːtəfɔːl/	We swam under the {waterfall}.
cave	g'or	n	/keɪv/	Bats live in the {cave}.
rock	qoya, tosh	n	/rɒk/	He sat on a big {rock}.
wave	to'lqin	n	/weɪv/	The {wave} was very big.
sunshine	quyosh nuri	n	/ˈsʌnʃaɪn/	We sat in the {sunshine}.
storm	bo'ron	n	/stɔːm/	There was a big {storm} last night.
thunder	momaqaldiroq	n	/ˈθʌndə/	The dog is afraid of {thunder}.
lightning	chaqmoq	n	/ˈlaɪtnɪŋ/	The {lightning} lit up the sky.
ice	muz	n	/aɪs/	The lake is covered with {ice}.
rainbow	kamalak	n	/ˈreɪnbəʊ/	Look, there's a {rainbow}!
star	yulduz	n	/stɑː/	I can see a bright {star} in the sky.
planet	sayyora	n	/ˈplænɪt/	The Earth is a {planet}.
sunny	quyoshli	adj	/ˈsʌni/	It's a {sunny} day.
cloudy	bulutli	adj	/ˈklaʊdi/	It is {cloudy} today.
rainy	yomg'irli	adj	/ˈreɪni/	April is often {rainy}.
windy	shamolli	adj	/ˈwɪndi/	It's too {windy} to play outside.
snowy	qorli	adj	/ˈsnəʊi/	It was a {snowy} winter.
foggy	tumanli	adj	/ˈfɒɡi/	It is {foggy} this morning.
freezing	qahraton, muzlatadigan	adj	/ˈfriːzɪŋ/	It's {freezing} outside!
weather forecast	ob-havo ma'lumoti	n	/ˈweðə fɔːkɑːst/	Did you see the {weather forecast}?
environment	atrof-muhit	n	/ɪnˈvaɪrənmənt/	We must protect the {environment}.
pollution	ifloslanish	n	/pəˈluːʃn/	Air {pollution} is a big problem in cities.
recycle	qayta ishlamoq	v	/ˌriːˈsaɪkl/	We {recycle} paper and plastic.
insect	hasharot	n	/ˈɪnsekt/	A small {insect} is on your arm.
bee	ari	n	/biː/	A {bee} is flying around the flowers.
butterfly	kapalak	n	/ˈbʌtəflaɪ/	A {butterfly} landed on the flower.
spider	o'rgimchak	n	/ˈspaɪdə/	There is a {spider} in the bath!
fly	pashsha	n	/flaɪ/	There is a {fly} in my soup!
mosquito	chivin	n	/məˈskiːtəʊ/	A {mosquito} bit me.
snake	ilon	n	/sneɪk/	The {snake} was sleeping in the sun.
lion	sher	n	/ˈlaɪən/	The {lion} is the king of animals.
tiger	yo'lbars	n	/ˈtaɪɡə/	The {tiger} has black and orange stripes.
camel	tuya	n	/ˈkæml/	You can ride a {camel} in the desert.
donkey	eshak	n	/ˈdɒŋki/	The farmer has a {donkey}.
sheep	qo'y	n	/ʃiːp/	The {sheep} are eating grass.
goat	echki	n	/ɡəʊt/	The {goat} climbed the rock.
hen	tovuq	n	/hen/	The {hen} laid an egg.
parrot	to'tiqush	n	/ˈpærət/	Our {parrot} can say "hello".
pet	uy hayvoni	n	/pet/	Do you have a {pet}?
tail	dum	n	/teɪl/	The dog is wagging its {tail}.
wing	qanot	n	/wɪŋ/	The bird has a broken {wing}.
feed	boqmoq, ovqat bermoq	v	/fiːd/	Don't forget to {feed} the cat.
subject	fan (o'quv)	n	/ˈsʌbdʒɪkt/	What is your favourite {subject}?
maths	matematika	n	/mæθs/	I have {maths} on Monday.
history	tarix	n	/ˈhɪstri/	We are studying the {history} of Uzbekistan.
geography	geografiya	n	/dʒiˈɒɡrəfi/	In {geography} we learn about countries.
biology	biologiya	n	/baɪˈɒlədʒi/	We study plants in {biology}.
chemistry	kimyo	n	/ˈkemɪstri/	{Chemistry} is my favourite subject.
physics	fizika	n	/ˈfɪzɪks/	The {physics} test was hard.
homework	uy vazifasi	n	/ˈhəʊmwɜːk/	I do my {homework} after dinner.
classroom	sinf xonasi	n	/ˈklɑːsruːm/	Our {classroom} is on the second floor.
exam	imtihon	n	/ɪɡˈzæm/	I have an {exam} tomorrow.
grade	baho	n	/ɡreɪd/	She got a good {grade} in English.
example	misol	n	/ɪɡˈzɑːmpl/	Can you give me an {example}?
answer	javob	n	/ˈɑːnsə/	Write your {answer} in the box.
sentence	gap	n	/ˈsentəns/	Read the first {sentence} aloud.
paragraph	xatboshi	n	/ˈpærəɡrɑːf/	Write a short {paragraph} about your family.
vocabulary	so'z boyligi	n	/vəˈkæbjələri/	Reading helps you learn new {vocabulary}.
grammar	grammatika	n	/ˈɡræmə/	English {grammar} is not very difficult.
spelling	imlo	n	/ˈspelɪŋ/	Check your {spelling}.
pronunciation	talaffuz	n	/prəˌnʌnsiˈeɪʃn/	Her {pronunciation} is very good.
translate	tarjima qilmoq	v	/trænzˈleɪt/	Can you {translate} this word?
spell	harflab aytmoq	v	/spel/	How do you {spell} your name?
revise	takrorlamoq (dars)	v	/rɪˈvaɪz/	I need to {revise} for the exam.
course	kurs	n	/kɔːs/	I am doing an English {course}.
level	daraja	n	/ˈlevl/	What {level} is your English?
certificate	sertifikat	n	/səˈtɪfɪkət/	I got a {certificate} at the end of the course.
college	kollej	n	/ˈkɒlɪdʒ/	My brother studies at {college}.
principal	direktor (maktab)	n	/ˈprɪnsəpl/	The {principal} spoke to the parents.
classmate	sinfdosh	n	/ˈklɑːsmeɪt/	Ali is my {classmate}.
career	kasb yo'li, martaba	n	/kəˈrɪə/	She wants a {career} in medicine.
salary	maosh	n	/ˈsæləri/	He gets a good {salary}.
manager	menejer	n	/ˈmænɪdʒə/	I'd like to speak to the {manager}.
secretary	kotib	n	/ˈsekrətri/	The {secretary} answered the phone.
farmer	fermer, dehqon	n	/ˈfɑːmə/	The {farmer} grows cotton.
pilot	uchuvchi	n	/ˈpaɪlət/	The {pilot} flies the plane.
police officer	politsiyachi	n	/pəˈliːs ɒfɪsə/	Ask the {police officer} for help.
firefighter	o't o'chiruvchi	n	/ˈfaɪəfaɪtə/	The {firefighter} saved the child.
scientist	olim	n	/ˈsaɪəntɪst/	She wants to be a {scientist}.
designer	dizayner	n	/dɪˈzaɪnə/	He works as a fashion {designer}.
programmer	dasturchi	n	/ˈprəʊɡræmə/	My brother is a computer {programmer}.
photographer	fotograf	n	/fəˈtɒɡrəfə/	The {photographer} took our picture.
hairdresser	sartarosh	n	/ˈheədresə/	I go to the {hairdresser} every month.
mechanic	mexanik	n	/məˈkænɪk/	The {mechanic} fixed our car.
cleaner	farrosh	n	/ˈkliːnə/	The {cleaner} comes every morning.
guard	qo'riqchi	n	/ɡɑːd/	The {guard} is at the gate.
employee	xodim	n	/ɪmˈplɔɪiː/	She is a new {employee} at the bank.
interview	suhbat (ishga)	n	/ˈɪntəvjuː/	I have a job {interview} tomorrow.
earn	pul topmoq	v	/ɜːn/	How much do you {earn}?
apply	ariza bermoq	v	/əˈplaɪ/	I want to {apply} for this job.
hire	ishga olmoq	v	/ˈhaɪə/	The company will {hire} ten new workers.
retire	nafaqaga chiqmoq	v	/rɪˈtaɪə/	My grandfather will {retire} next year.
computer	kompyuter	n	/kəmˈpjuːtə/	I use the {computer} for homework.
mobile phone	mobil telefon	n	/ˌməʊbaɪl ˈfəʊn/	Turn off your {mobile phone} in class.
screen	ekran	n	/skriːn/	The {screen} is too bright.
internet	internet	n	/ˈɪntənet/	I read the news on the {internet}.
website	veb-sayt	n	/ˈwebsaɪt/	Visit our {website} for more information.
email	elektron pochta	n	/ˈiːmeɪl/	I'll send you an {email}.
message	xabar	n	/ˈmesɪdʒ/	I got a {message} from my friend.
password	parol	n	/ˈpɑːswɜːd/	Don't tell anyone your {password}.
app	ilova	n	/æp/	This {app} helps me learn English.
video	video	n	/ˈvɪdiəʊ/	Watch this funny {video}.
file	fayl	n	/faɪl/	Save the {file} on your computer.
printer	printer	n	/ˈprɪntə/	The {printer} is out of paper.
mouse	sichqoncha (kompyuter)	n	/maʊs/	Click the left button of the {mouse}.
headphones	quloqchinlar	n	/ˈhedfəʊnz/	I listen to music with {headphones}.
charger	quvvatlagich	n	/ˈtʃɑːdʒə/	Can I borrow your phone {charger}?
online	onlayn	adv	/ˌɒnˈlaɪn/	I buy books {online}.
download	yuklab olmoq	v	/ˌdaʊnˈləʊd/	You can {download} the app for free.
upload	yuklamoq (internetga)	v	/ˌʌpˈləʊd/	I will {upload} the photos tonight.
click	bosmoq (sichqoncha)	v	/klɪk/	{Click} here to start.
print	chop etmoq	v	/prɪnt/	Can you {print} this page for me?
type	terib yozmoq	v	/taɪp/	She can {type} very fast.
search	qidirmoq	v	/sɜːtʃ/	{Search} for the word online.
delete	o'chirmoq	v	/dɪˈliːt/	Don't {delete} my photos!
chat	suhbatlashmoq	v	/tʃæt/	I {chat} with my friends online.
post	joylamoq (internetga)	v	/pəʊst/	She likes to {post} photos of food.
programme	dastur, ko'rsatuv	n	/ˈprəʊɡræm/	This TV {programme} is very popular.
news	yangiliklar	n	/njuːz/	I watch the {news} every evening.
channel	kanal	n	/ˈtʃænl/	Change the {channel}, please.
cartoon	multfilm	n	/kɑːˈtuːn/	The kids are watching a {cartoon}.
comedy	komediya	n	/ˈkɒmədi/	We watched a {comedy} and laughed a lot.
documentary	hujjatli film	n	/ˌdɒkjuˈmentri/	I saw a {documentary} about animals.
series	serial	n	/ˈsɪəriːz/	This TV {series} has five seasons.
actress	aktrisa	n	/ˈæktrəs/	She is a famous {actress}.
singer	qo'shiqchi	n	/ˈsɪŋə/	My favourite {singer} has a new song.
band	guruh (musiqa)	n	/bænd/	My brother plays in a {band}.
concert	konsert	n	/ˈkɒnsət/	We went to a {concert} last night.
ticket office	chipta kassasi	n	/ˈtɪkɪt ɒfɪs/	Buy tickets at the {ticket office}.
guitar	gitara	n	/ɡɪˈtɑː/	He plays the {guitar}.
piano	pianino	n	/piˈænəʊ/	She has {piano} lessons on Friday.
drum	baraban	n	/drʌm/	He plays the {drum} in the band.
hobby	sevimli mashg'ulot	n	/ˈhɒbi/	My {hobby} is photography.
free time	bo'sh vaqt	n	/ˌfriː ˈtaɪm/	What do you do in your {free time}?
weekend	dam olish kunlari	n	/ˌwiːkˈend/	What did you do at the {weekend}?
picnic	piknik	n	/ˈpɪknɪk/	Let's have a {picnic} in the park.
camping	chodirda dam olish	n	/ˈkæmpɪŋ/	We go {camping} in the mountains.
fishing	baliq ovi	n	/ˈfɪʃɪŋ/	My grandfather loves {fishing}.
chess	shaxmat	n	/tʃes/	Do you play {chess}?
puzzle	boshqotirma	n	/ˈpʌzl/	I can't solve this {puzzle}.
novel	roman	n	/ˈnɒvl/	I'm reading a long {novel}.
poem	she'r	n	/ˈpəʊɪm/	We learned a {poem} by heart.
sport	sport	n	/spɔːt/	What {sport} do you play?
football	futbol	n	/ˈfʊtbɔːl/	The boys play {football} after school.
basketball	basketbol	n	/ˈbɑːskɪtbɔːl/	He is tall and good at {basketball}.
volleyball	voleybol	n	/ˈvɒlibɔːl/	We played {volleyball} on the beach.
tennis	tennis	n	/ˈtenɪs/	Do you want to play {tennis}?
swimming	suzish	n	/ˈswɪmɪŋ/	{Swimming} is good exercise.
boxing	boks	n	/ˈbɒksɪŋ/	He trains in {boxing} three times a week.
wrestling	kurash	n	/ˈreslɪŋ/	{Wrestling} is popular in Uzbekistan.
team	jamoa	n	/tiːm/	Our {team} won the match.
player	o'yinchi	n	/ˈpleɪə/	He is the best {player} in the team.
match	o'yin, uchrashuv (sport)	n	/mætʃ/	We watched the football {match} on TV.
goal	gol	n	/ɡəʊl/	He scored a {goal} in the last minute.
score	hisob	n	/skɔː/	What's the {score}?
winner	g'olib	n	/ˈwɪnə/	The {winner} gets a prize.
prize	sovrin	n	/praɪz/	She won first {prize}.
competition	musobaqa	n	/ˌkɒmpəˈtɪʃn/	He won a singing {competition}.
coach	murabbiy	n	/kəʊtʃ/	Our {coach} is very strict.
gym	sport zali	n	/dʒɪm/	I go to the {gym} three times a week.
train	mashq qilmoq	v	/treɪn/	The team will {train} every day before the match.
lose	yutqazmoq	v	/luːz/	We didn't want to {lose} the game.
beat	mag'lub etmoq	v	/biːt/	Can you {beat} me at chess?
score	gol urmoq	v	/skɔː/	He wants to {score} a goal.
century	asr	n	/ˈsentʃəri/	This mosque was built in the 15th {century}.
moment	lahza	n	/ˈməʊmənt/	Wait a {moment}, please.
past	o'tmish	n	/pɑːst/	In the {past}, people didn't have phones.
date	sana	n	/deɪt/	What's the {date} today?
midnight	yarim tun	n	/ˈmɪdnaɪt/	The party ended at {midnight}.
noon	tush payti	n	/nuːn/	Let's meet at {noon}.
weekday	ish kuni	n	/ˈwiːkdeɪ/	The shop is open every {weekday}.
fortnight	ikki hafta	n	/ˈfɔːtnaɪt/	We'll be away for a {fortnight}.
half	yarim	n	/hɑːf/	Cut the apple in {half}.
quarter	chorak	n	/ˈkwɔːtə/	It's a {quarter} past five.
hundred	yuz (son)	num	/ˈhʌndrəd/	There are a {hundred} students in our school.
thousand	ming	num	/ˈθaʊznd/	The bike costs a {thousand} dollars.
million	million	num	/ˈmɪljən/	Tashkent has about three {million} people.
first	birinchi	num	/fɜːst/	This is my {first} English lesson.
third	uchinchi	num	/θɜːd/	I live on the {third} floor.
once	bir marta	adv	/wʌns/	I go swimming {once} a week.
twice	ikki marta	adv	/twaɪs/	I brush my teeth {twice} a day.
ago	oldin (vaqt)	adv	/əˈɡəʊ/	I moved here two years {ago}.
later	keyinroq	adv	/ˈleɪtə/	See you {later}!
immediately	darhol	adv	/ɪˈmiːdiətli/	Come here {immediately}!
suddenly	to'satdan	adv	/ˈsʌdnli/	{Suddenly}, the lights went out.
finally	nihoyat	adv	/ˈfaɪnəli/	We {finally} arrived home.
quickly	tez	adv	/ˈkwɪkli/	He ran {quickly} to the bus.
slowly	sekin	adv	/ˈsləʊli/	Please speak {slowly}.
carefully	ehtiyotkorlik bilan	adv	/ˈkeəfəli/	Read the question {carefully}.
easily	osonlik bilan	adv	/ˈiːzɪli/	She {easily} passed the test.
badly	yomon	adv	/ˈbædli/	He played {badly} today.
hard	qattiq, astoydil	adv	/hɑːd/	She works very {hard}.
quite	ancha	adv	/kwaɪt/	The film was {quite} good.
nearly	deyarli	adv	/ˈnɪəli/	I {nearly} missed the bus.
anywhere	biror joyda	adv	/ˈeniweə/	I can't find my keys {anywhere}.
everywhere	hamma joyda	adv	/ˈevriweə/	I looked {everywhere} for you.
somewhere	qayerdadir	adv	/ˈsʌmweə/	My phone is {somewhere} in this room.
everyone	hamma	pron	/ˈevriwʌn/	{Everyone} is here.
everything	hamma narsa	pron	/ˈevriθɪŋ/	{Everything} is ready.
someone	kimdir	pron	/ˈsʌmwʌn/	{Someone} is at the door.
no one	hech kim	pron	/ˈnəʊ wʌn/	{No one} knows the answer.
both	ikkalasi ham	det	/bəʊθ/	{Both} my sisters are doctors.
either	ikkisidan biri	det	/ˈaɪðə/	You can sit on {either} chair.
unless	agar …masa	conj	/ənˈles/	You will be late {unless} you hurry.
while	…ayotganda	conj	/waɪl/	I listen to music {while} I cook.
until	…gacha	conj	/ənˈtɪl/	Wait here {until} I come back.
so	shuning uchun	conj	/səʊ/	It was raining, {so} we stayed home.
instead of	o'rniga	prep	/ɪnˈsted əv/	I drank tea {instead of} coffee.
because of	tufayli	prep	/bɪˈkɒz əv/	We stayed home {because of} the rain.
look for	qidirmoq	phrase	/ˈlʊk fə/	I {look for} my keys every morning.
look after	qaramoq, g'amxo'rlik qilmoq	phrase	/lʊk ˈɑːftə/	Can you {look after} my cat this weekend?
find out	bilib olmoq	phrase	/faɪnd ˈaʊt/	I want to {find out} the truth.
give up	voz kechmoq	phrase	/ɡɪv ˈʌp/	Don't {give up}, you can do it!
turn on	yoqmoq	phrase	/tɜːn ˈɒn/	{Turn on} the light, please.
turn off	o'chirmoq	phrase	/tɜːn ˈɒf/	{Turn off} the TV and go to bed.
fill in	to'ldirmoq (anketa)	phrase	/fɪl ˈɪn/	Please {fill in} this form.
go out	ko'chaga chiqmoq	phrase	/ɡəʊ ˈaʊt/	Let's {go out} tonight.
come back	qaytib kelmoq	phrase	/kʌm ˈbæk/	When will you {come back}?
sit down	o'tirmoq	phrase	/sɪt ˈdaʊn/	Please {sit down}.
stand up	o'rnidan turmoq	phrase	/stænd ˈʌp/	{Stand up} when the teacher comes in.
grow up	voyaga yetmoq	phrase	/ɡrəʊ ˈʌp/	I want to be a pilot when I {grow up}.
set off	yo'lga chiqmoq	phrase	/set ˈɒf/	We {set off} early in the morning.
get on	chiqmoq (transportga)	phrase	/ɡet ˈɒn/	{Get on} the bus at the next stop.
get off	tushmoq (transportdan)	phrase	/ɡet ˈɒf/	{Get off} the bus at the park.
pick up	olib ketmoq	phrase	/pɪk ˈʌp/	I will {pick up} the children from school.
put away	joyiga qo'ymoq	phrase	/pʊt əˈweɪ/	{Put away} your toys.
run out of	tugab qolmoq	phrase	/rʌn ˈaʊt əv/	We {run out of} milk every week.
argue	bahslashmoq	v	/ˈɑːɡjuː/	My brothers often {argue}.
complain	shikoyat qilmoq	v	/kəmˈpleɪn/	People often {complain} about the traffic.
apologise	uzr so'ramoq	v	/əˈpɒlədʒaɪz/	You should {apologise} to your sister.
thank	rahmat aytmoq	v	/θæŋk/	I want to {thank} you for your help.
introduce	tanishtirmoq	v	/ˌɪntrəˈdjuːs/	Let me {introduce} my friend Ali.
reply	javob bermoq	v	/rɪˈplaɪ/	Please {reply} to my message.
mention	eslatib o'tmoq	v	/ˈmenʃn/	Did he {mention} the party?
advise	maslahat bermoq	v	/ədˈvaɪz/	I {advise} you to see a doctor.
warn	ogohlantirmoq	v	/wɔːn/	I must {warn} you, the dog bites.
plan	rejalashtirmoq	v	/plæn/	We {plan} to visit Khiva in May.
prepare	tayyorlamoq	v	/prɪˈpeə/	I need to {prepare} for the test.
organise	tashkil qilmoq	v	/ˈɔːɡənaɪz/	Who will {organise} the party?
celebrate	nishonlamoq	v	/ˈselɪbreɪt/	We {celebrate} Navruz in March.
marry	turmush qurmoq	v	/ˈmæri/	They will {marry} next summer.
born	tug'ilgan	adj	/bɔːn/	I was {born} in Tashkent.
die	vafot etmoq	v	/daɪ/	Plants {die} without water.
grow	o'smoq	v	/ɡrəʊ/	Children {grow} very fast.
protect	himoya qilmoq	v	/prəˈtekt/	We must {protect} animals.
save	qutqarmoq	v	/seɪv/	The doctor tried to {save} his life.
steal	o'g'irlamoq	v	/stiːl/	Someone tried to {steal} my bag.
boyfriend	yigiti	n	/ˈbɔɪfrend/	Her {boyfriend} is a doctor.
girlfriend	qiz do'sti	n	/ˈɡɜːlfrend/	He is going to the cinema with his {girlfriend}.
partner	sherik	n	/ˈpɑːtnə/	Work with a {partner}.
twin	egizak	n	/twɪn/	She has a {twin} brother.
baby	chaqaloq	n	/ˈbeɪbi/	The {baby} is sleeping.
teenager	o'smir	n	/ˈtiːneɪdʒə/	My sister is a {teenager}.
adult	katta yoshli	n	/ˈædʌlt/	Tickets for an {adult} cost more.
grandparents	buvi va bobo	n	/ˈɡrænpeərənts/	My {grandparents} live in a village.
stranger	begona odam	n	/ˈstreɪndʒə/	Don't talk to a {stranger}.
member	a'zo	n	/ˈmembə/	He is a {member} of the chess club.
club	klub, to'garak	n	/klʌb/	I joined the English {club}.
idea	fikr, g'oya	n	/aɪˈdɪə/	That's a good {idea}!
opinion	fikr	n	/əˈpɪnjən/	What is your {opinion}?
information	ma'lumot	n	/ˌɪnfəˈmeɪʃn/	I need more {information}.
fact	fakt	n	/fækt/	Here is an interesting {fact} about camels.
rule	qoida	n	/ruːl/	Please follow the {rule}.
plan	reja	n	/plæn/	What's your {plan} for the weekend?
chance	imkoniyat	n	/tʃɑːns/	Give me one more {chance}.
future plan	kelajak rejasi	n	/ˌfjuːtʃə ˈplæn/	Tell me about your {future plan}.
difference	farq	n	/ˈdɪfrəns/	What's the {difference} between these words?
secret	sir	n	/ˈsiːkrət/	Can you keep a {secret}?
surprise	kutilmagan sovg'a, ajablanish	n	/səˈpraɪz/	We have a {surprise} for you!
trouble	muammo, tashvish	n	/ˈtrʌbl/	I'm in {trouble}!
accident	baxtsiz hodisa	n	/ˈæksɪdənt/	There was a car {accident} on our street.
emergency	favqulodda holat	n	/ɪˈmɜːdʒənsi/	In an {emergency}, call 112.
noise	shovqin	n	/nɔɪz/	What's that {noise}?
sound	ovoz	n	/saʊnd/	I love the {sound} of rain.
voice	ovoz (inson)	n	/vɔɪs/	She has a beautiful {voice}.
shape	shakl	n	/ʃeɪp/	What {shape} is the table?
type	tur	n	/taɪp/	What {type} of music do you like?
kind	tur, xil	n	/kaɪnd/	What {kind} of films do you like?
part	qism	n	/pɑːt/	This is the best {part} of the film.
amount	miqdor	n	/əˈmaʊnt/	Drink a large {amount} of water.
number	raqam, son	n	/ˈnʌmbə/	What's your phone {number}?
top	yuqori qism	n	/tɒp/	Write your name at the {top} of the page.
bottom	pastki qism	n	/ˈbɒtəm/	Sign at the {bottom} of the page.
middle	o'rta	n	/ˈmɪdl/	Stand in the {middle} of the room.
side	tomon	n	/saɪd/	Drive on the right {side} of the road.
end	oxir	n	/end/	I didn't like the {end} of the film.
beginning	boshlanish	n	/bɪˈɡɪnɪŋ/	Read from the {beginning}.
noisy	shovqinli	adj	/ˈnɔɪzi/	Our street is very {noisy} at night.
crowded	gavjum	adj	/ˈkraʊdɪd/	The bus was {crowded} this morning.
lovely	yoqimli, chiroyli	adj	/ˈlʌvli/	What a {lovely} day!
huge	ulkan	adj	/hjuːdʒ/	They live in a {huge} house.
tiny	juda kichik	adj	/ˈtaɪni/	The kitten is {tiny}.
unusual	g'ayrioddiy	adj	/ʌnˈjuːʒuəl/	He has an {unusual} name.
local	mahalliy	adj	/ˈləʊkl/	We buy vegetables at the {local} market.
traditional	an'anaviy	adj	/trəˈdɪʃənl/	Plov is a {traditional} Uzbek dish.
ordinary	oddiy	adj	/ˈɔːdnri/	It was an {ordinary} day at school.
lend	qarzga bermoq	v	/lend/	Can you {lend} me your pen?
forgive	kechirmoq	v	/fəˈɡɪv/	Please {forgive} me, I was wrong.
decorate	bezamoq	v	/ˈdekəreɪt/	We {decorate} the house for the holiday.
