# Pre-Intermediate (B1) vocabulary, written for Flex Academy (NOT from a source file).
# word <TAB> Uzbek translation <TAB> part of speech <TAB> IPA (British) <TAB> example with the word in {braces}.
# No word repeats the Beginner (A1) or Elementary (A2) sets. Review the Uzbek before publishing.
personality	shaxsiyat, xarakter	n	/ˌpɜːsəˈnæləti/	She has a very strong {personality}.
character	xarakter, qahramon	n	/ˈkærəktə/	The main {character} of the book is a young doctor.
attitude	munosabat, yondashuv	n	/ˈætɪtjuːd/	He has a positive {attitude} to work.
behaviour	xulq	n	/bɪˈheɪvjə/	The teacher praised the children's {behaviour}.
mood	kayfiyat	n	/muːd/	You're in a good {mood} today!
emotion	his-tuyg'u	n	/ɪˈməʊʃn/	She couldn't hide her {emotion}.
anger	g'azab	n	/ˈæŋɡə/	He shouted in {anger}.
jealousy	rashk, hasad	n	/ˈdʒeləsi/	{Jealousy} can destroy a friendship.
pride	g'urur	n	/praɪd/	She spoke about her son with {pride}.
shame	uyat	n	/ʃeɪm/	He felt {shame} after lying to his friend.
guilt	aybdorlik hissi	n	/ɡɪlt/	She felt {guilt} for forgetting his birthday.
loneliness	yolg'izlik	n	/ˈləʊnlinəs/	Old people often suffer from {loneliness}.
confidence	o'ziga ishonch	n	/ˈkɒnfɪdəns/	Speaking in public gives you {confidence}.
courage	jasorat	n	/ˈkʌrɪdʒ/	It takes {courage} to say sorry.
patience	sabr	n	/ˈpeɪʃns/	Learning a language needs {patience}.
kindness	mehribonlik	n	/ˈkaɪndnəs/	Thank you for your {kindness}.
honesty	halollik	n	/ˈɒnəsti/	{Honesty} is the best policy.
friendship	do'stlik	n	/ˈfrendʃɪp/	Their {friendship} lasted for fifty years.
marriage	nikoh	n	/ˈmærɪdʒ/	They have a happy {marriage}.
engagement	unashtiruv	n	/ɪnˈɡeɪdʒmənt/	They announced their {engagement} last month.
anniversary	yubiley, yillik	n	/ˌænɪˈvɜːsəri/	Today is my parents' wedding {anniversary}.
generation	avlod	n	/ˌdʒenəˈreɪʃn/	The younger {generation} uses social media a lot.
ancestor	ajdod	n	/ˈænsestə/	My {ancestor} came from Bukhara.
upbringing	tarbiya	n	/ˈʌpbrɪŋɪŋ/	She had a strict {upbringing}.
stepmother	o'gay ona	n	/ˈstepmʌðə/	His {stepmother} is very kind to him.
sibling	aka-uka, opa-singil	n	/ˈsɪblɪŋ/	Do you have a {sibling}?
fiancé	unashtirilgan yigit	n	/fiˈɒnseɪ/	Her {fiancé} works in Tashkent.
widow	beva ayol	n	/ˈwɪdəʊ/	She has been a {widow} for ten years.
orphan	yetim	n	/ˈɔːfn/	The {orphan} was adopted by a kind family.
adopt	asrab olmoq	v	/əˈdɒpt/	They decided to {adopt} a child.
bring up	tarbiyalab o'stirmoq	phrase	/brɪŋ ˈʌp/	My grandparents helped to {bring up} my sister.
get on with	chiqishmoq	phrase	/ɡet ˈɒn wɪð/	I {get on with} my classmates very well.
fall out	urishib qolmoq	phrase	/fɔːl ˈaʊt/	Did you {fall out} with your best friend?
make up	yarashmoq	phrase	/meɪk ˈʌp/	They argued but they will {make up} soon.
break up	ajrashmoq	phrase	/breɪk ˈʌp/	They decided to {break up} after two years.
fall in love	sevib qolmoq	phrase	/fɔːl ɪn ˈlʌv/	They {fall in love} in the first chapter.
get married	turmush qurmoq	phrase	/ɡet ˈmærid/	They want to {get married} in the summer.
get divorced	ajrashmoq (rasman)	phrase	/ɡet dɪˈvɔːst/	They decided to {get divorced} last year.
rely on	tayanmoq	phrase	/rɪˈlaɪ ɒn/	You can always {rely on} me.
look up to	hurmat qilmoq, o'rnak olmoq	phrase	/lʊk ˈʌp tuː/	I {look up to} my older brother.
take after	o'xshamoq (ota-onaga)	phrase	/teɪk ˈɑːftə/	You {take after} your mother.
care about	qayg'urmoq	phrase	/ˈkeər əbaʊt/	I really {care about} my friends.
envy	havas qilmoq	v	/ˈenvi/	I {envy} people who can sing well.
admire	qoyil qolmoq	v	/ədˈmaɪə/	I {admire} her courage.
appreciate	qadrlamoq	v	/əˈpriːʃieɪt/	I {appreciate} your help.
blame	ayblamoq	v	/bleɪm/	Don't {blame} me for your mistake.
criticise	tanqid qilmoq	v	/ˈkrɪtɪsaɪz/	It's easy to {criticise} others.
praise	maqtamoq	v	/preɪz/	The coach will {praise} the team after the match.
insult	haqorat qilmoq	v	/ɪnˈsʌlt/	Please don't {insult} my friends.
tease	masxara qilmoq	v	/tiːz/	Older children sometimes {tease} the younger ones.
comfort	tasalli bermoq	v	/ˈkʌmfət/	She tried to {comfort} her crying friend.
cheat on	xiyonat qilmoq	phrase	/ˈtʃiːt ɒn/	He would never {cheat on} his wife.
betray	sotmoq (xiyonat)	v	/bɪˈtreɪ/	A true friend will never {betray} you.
deserve	munosib bo'lmoq	v	/dɪˈzɜːv/	You {deserve} a holiday.
pretend	o'zini …dek ko'rsatmoq	v	/prɪˈtend/	He likes to {pretend} to be asleep.
behave	o'zini tutmoq	v	/bɪˈheɪv/	Please {behave} yourself at the party.
ashamed	uyalgan	adj	/əˈʃeɪmd/	I'm {ashamed} of what I said.
anxious	xavotirli	adj	/ˈæŋkʃəs/	She is {anxious} about the exam results.
curious	qiziquvchan	adj	/ˈkjʊəriəs/	Children are {curious} about everything.
grateful	minnatdor	adj	/ˈɡreɪtfl/	I'm very {grateful} for your help.
jealous of	rashk qilgan	phrase	/ˈdʒeləs əv/	He is {jealous of} his brother's success.
fond of	yaxshi ko'radigan	phrase	/ˈfɒnd əv/	She is very {fond of} her grandmother.
satisfied	qoniqqan	adj	/ˈsætɪsfaɪd/	Are you {satisfied} with the result?
furious	qattiq g'azablangan	adj	/ˈfjʊəriəs/	My father was {furious} when I broke his phone.
delighted	juda xursand	adj	/dɪˈlaɪtɪd/	I was {delighted} to hear the news.
exhausted	holdan toygan	adj	/ɪɡˈzɔːstɪd/	After the marathon I was {exhausted}.
amazed	hayratda qolgan	adj	/əˈmeɪzd/	I was {amazed} by the view.
shocked	larzaga tushgan	adj	/ʃɒkt/	Everyone was {shocked} by the news.
miserable	baxtsiz, g'amgin	adj	/ˈmɪzrəbl/	I felt {miserable} when I was ill.
depressed	tushkun	adj	/dɪˈprest/	He felt {depressed} after losing his job.
optimistic	optimistik	adj	/ˌɒptɪˈmɪstɪk/	I'm {optimistic} about the future.
pessimistic	pessimistik	adj	/ˌpesɪˈmɪstɪk/	Don't be so {pessimistic}!
ambitious	shijoatli	adj	/æmˈbɪʃəs/	She is very {ambitious} and wants to be a director.
arrogant	takabbur	adj	/ˈærəɡənt/	He is clever but a bit {arrogant}.
bossy	buyruq berishni yoqtiradigan	adj	/ˈbɒsi/	My older sister is very {bossy}.
creative	ijodkor	adj	/kriˈeɪtɪv/	She is a {creative} designer.
determined	qat'iyatli	adj	/dɪˈtɜːmɪnd/	He is {determined} to win the race.
easy-going	oson til topishadigan	adj	/ˌiːzi ˈɡəʊɪŋ/	My dad is very {easy-going}.
enthusiastic	ishtiyoqli	adj	/ɪnˌθjuːziˈæstɪk/	The students were {enthusiastic} about the trip.
flexible	moslashuvchan	adj	/ˈfleksəbl/	My working hours are {flexible}.
gentle	muloyim	adj	/ˈdʒentl/	Be {gentle} with the baby.
humble	kamtar	adj	/ˈhʌmbl/	Despite his success, he is very {humble}.
independent	mustaqil	adj	/ˌɪndɪˈpendənt/	She became {independent} at eighteen.
loyal	sodiq	adj	/ˈlɔɪəl/	Dogs are very {loyal} animals.
mature	yetuk	adj	/məˈtʃʊə/	He is very {mature} for his age.
modest	kamtarin	adj	/ˈmɒdɪst/	She is {modest} about her success.
moody	kayfiyati tez o'zgaradigan	adj	/ˈmuːdi/	Teenagers can be {moody}.
outgoing	kirishimli	adj	/ˈaʊtɡəʊɪŋ/	My sister is {outgoing} and makes friends easily.
punctual	vaqtga rioya qiladigan	adj	/ˈpʌŋktʃuəl/	Please be {punctual} for the meeting.
reasonable	mantiqli, o'rinli	adj	/ˈriːznəbl/	That's a {reasonable} price.
responsible	mas'uliyatli	adj	/rɪˈspɒnsəbl/	He is a {responsible} young man.
self-confident	o'ziga ishongan	adj	/ˌself ˈkɒnfɪdənt/	She is a {self-confident} speaker.
sociable	kirishimli	adj	/ˈsəʊʃəbl/	He is {sociable} and loves parties.
stubborn	qaysar	adj	/ˈstʌbən/	My little brother is very {stubborn}.
talented	iqtidorli	adj	/ˈtæləntɪd/	She is a {talented} musician.
thoughtful	e'tiborli	adj	/ˈθɔːtfl/	It was very {thoughtful} of you to call.
tolerant	bag'rikeng	adj	/ˈtɒlərənt/	We should be {tolerant} of other opinions.
unreliable	ishonchsiz	adj	/ˌʌnrɪˈlaɪəbl/	The bus service here is {unreliable}.
aggressive	tajovuzkor	adj	/əˈɡresɪv/	The dog became {aggressive}.
emotional	hissiyotli	adj	/ɪˈməʊʃənl/	It was an {emotional} goodbye.
romantic	romantik	adj	/rəʊˈmæntɪk/	They had a {romantic} dinner.
attractive	jozibali	adj	/əˈtræktɪv/	The city is {attractive} to tourists.
elegant	nafis	adj	/ˈelɪɡənt/	She wore an {elegant} black dress.
good-looking	ko'rkam	adj	/ˌɡʊd ˈlʊkɪŋ/	He is a {good-looking} young man.
freckles	sepkil	n	/ˈfreklz/	She has red hair and {freckles}.
wrinkle	ajin	n	/ˈrɪŋkl/	My grandmother has a {wrinkle} on her forehead.
appearance	tashqi ko'rinish	n	/əˈpɪərəns/	Don't judge people by their {appearance}.
weight	vazn	n	/weɪt/	What is your {weight}?
look like	o'xshamoq	phrase	/ˈlʊk laɪk/	You {look like} your father.
education	ta'lim	n	/ˌedʒuˈkeɪʃn/	Everyone has the right to {education}.
qualification	malaka	n	/ˌkwɒlɪfɪˈkeɪʃn/	You need a teaching {qualification} for this job.
diploma	diplom	n	/dɪˈpləʊmə/	She received her {diploma} in June.
bachelor's degree	bakalavr darajasi	n	/ˈbætʃələz dɪɡriː/	He has a {bachelor's degree} in economics.
master's degree	magistr darajasi	n	/ˈmɑːstəz dɪɡriː/	She is studying for a {master's degree}.
semester	semestr	n	/sɪˈmestə/	The new {semester} starts in February.
curriculum	o'quv dasturi	n	/kəˈrɪkjələm/	English is part of the school {curriculum}.
syllabus	fan dasturi	n	/ˈsɪləbəs/	The teacher gave us the course {syllabus}.
tutor	repetitor	n	/ˈtjuːtə/	I have a maths {tutor} twice a week.
lecturer	o'qituvchi (oliygoh)	n	/ˈlektʃərə/	Our {lecturer} explains things clearly.
professor	professor	n	/prəˈfesə/	The {professor} wrote three books.
undergraduate	talaba (bakalavr)	n	/ˌʌndəˈɡrædʒuət/	She is an {undergraduate} at the university.
graduation	bitiruv	n	/ˌɡrædʒuˈeɪʃn/	My parents came to my {graduation}.
assignment	topshiriq	n	/əˈsaɪnmənt/	The {assignment} is due on Monday.
research	tadqiqot	n	/rɪˈsɜːtʃ/	She is doing {research} on climate change.
experiment	tajriba (ilmiy)	n	/ɪkˈsperɪmənt/	We did an {experiment} in the chemistry lab.
laboratory	laboratoriya	n	/ləˈbɒrətri/	The students work in the {laboratory}.
thesis	dissertatsiya	n	/ˈθiːsɪs/	He is writing his {thesis} about Uzbek history.
attendance	davomat	n	/əˈtendəns/	{Attendance} at lessons is compulsory.
absent	yo'q, qatnashmagan	adj	/ˈæbsənt/	Three students were {absent} today.
compulsory	majburiy	adj	/kəmˈpʌlsəri/	English is {compulsory} at our school.
optional	ixtiyoriy	adj	/ˈɒpʃənl/	The extra lesson is {optional}.
academic	akademik	adj	/ˌækəˈdemɪk/	The {academic} year starts in September.
concentrate	diqqatni jamlamoq	v	/ˈkɒnsntreɪt/	I can't {concentrate} with this noise.
focus	e'tiborni qaratmoq	v	/ˈfəʊkəs/	{Focus} on the main idea of the text.
analyse	tahlil qilmoq	v	/ˈænəlaɪz/	We need to {analyse} the results.
summarise	xulosa qilmoq	v	/ˈsʌməraɪz/	Can you {summarise} the article?
define	ta'riflamoq	v	/dɪˈfaɪn/	How would you {define} happiness?
illustrate	misol bilan ko'rsatmoq	v	/ˈɪləstreɪt/	Use a picture to {illustrate} your answer.
evaluate	baholamoq	v	/ɪˈvæljueɪt/	Teachers {evaluate} students' progress.
assess	baholamoq	v	/əˈses/	The exam will {assess} your speaking skills.
enrol	ro'yxatga yozilmoq	v	/ɪnˈrəʊl/	I want to {enrol} in an English course.
attend	qatnashmoq	v	/əˈtend/	All students must {attend} the meeting.
skip	o'tkazib yubormoq	v	/skɪp/	Don't {skip} breakfast.
fluent	ravon	adj	/ˈfluːənt/	She is {fluent} in three languages.
accent	talaffuz uslubi	n	/ˈæksent/	He speaks English with an American {accent}.
native speaker	ona tili sohibi	n	/ˌneɪtɪv ˈspiːkə/	Our teacher is a {native speaker} of English.
mother tongue	ona tili	n	/ˌmʌðə ˈtʌŋ/	My {mother tongue} is Uzbek.
bilingual	ikki tilli	adj	/baɪˈlɪŋɡwəl/	Their children are {bilingual}.
dictation	diktant	n	/dɪkˈteɪʃn/	We had a {dictation} in class.
handwriting	husnixat	n	/ˈhændraɪtɪŋ/	Your {handwriting} is beautiful.
punctuation	tinish belgilari	n	/ˌpʌŋktʃuˈeɪʃn/	Check your {punctuation}.
phrase	ibora	n	/freɪz/	Learn this useful {phrase}.
idiom	idioma	n	/ˈɪdiəm/	"Break a leg" is an English {idiom}.
synonym	sinonim	n	/ˈsɪnənɪm/	"Big" is a {synonym} of "large".
tense	zamon (grammatik)	n	/tens/	We are studying the past {tense}.
noun	ot (so'z turkumi)	n	/naʊn/	"Table" is a {noun}.
verb	fe'l	n	/vɜːb/	"Run" is a {verb}.
adjective	sifat	n	/ˈædʒɪktɪv/	"Happy" is an {adjective}.
profession	kasb	n	/prəˈfeʃn/	Teaching is a noble {profession}.
occupation	mashg'ulot, kasb	n	/ˌɒkjuˈpeɪʃn/	Write your {occupation} on the form.
employer	ish beruvchi	n	/ɪmˈplɔɪə/	My {employer} pays me every month.
employ	ishga olmoq	v	/ɪmˈplɔɪ/	The company will {employ} fifty new workers.
employment	bandlik	n	/ɪmˈplɔɪmənt/	It is hard to find {employment} in small towns.
unemployment	ishsizlik	n	/ˌʌnɪmˈplɔɪmənt/	{Unemployment} is a serious problem.
applicant	nomzod	n	/ˈæplɪkənt/	Each {applicant} must send a CV.
application	ariza	n	/ˌæplɪˈkeɪʃn/	Fill in the {application} form.
candidate	nomzod	n	/ˈkændɪdət/	She is the best {candidate} for the job.
position	lavozim	n	/pəˈzɪʃn/	He applied for the {position} of manager.
vacancy	bo'sh ish o'rni	n	/ˈveɪkənsi/	There is a {vacancy} for a teacher.
promotion	lavozimga ko'tarilish	n	/prəˈməʊʃn/	She got a {promotion} last month.
income	daromad	n	/ˈɪnkʌm/	His monthly {income} is quite high.
pension	nafaqa (pensiya)	n	/ˈpenʃn/	My grandfather lives on his {pension}.
bonus	mukofot pul	n	/ˈbəʊnəs/	We got a {bonus} at the end of the year.
responsibility	mas'uliyat	n	/rɪˌspɒnsəˈbɪləti/	Looking after children is a big {responsibility}.
department	bo'lim	n	/dɪˈpɑːtmənt/	She works in the sales {department}.
headquarters	bosh ofis	n	/ˌhedˈkwɔːtəz/	The company's {headquarters} are in Tashkent.
branch office	filial	n	/ˈbrɑːntʃ ɒfɪs/	The bank opened a new {branch office}.
team leader	jamoa rahbari	n	/ˈtiːm liːdə/	Our {team leader} organises the work.
director	direktor	n	/dəˈrektə/	The {director} will visit our office.
assistant	yordamchi	n	/əˈsɪstənt/	My {assistant} will answer the phone.
expert	mutaxassis	n	/ˈekspɜːt/	He is an {expert} in computers.
specialist	mutaxassis	n	/ˈspeʃəlɪst/	You should see a heart {specialist}.
freelancer	frilanser	n	/ˈfriːlɑːnsə/	She works as a {freelancer} from home.
volunteer	ko'ngilli	n	/ˌvɒlənˈtɪə/	He works as a {volunteer} at the hospital.
intern	amaliyotchi	n	/ˈɪntɜːn/	The company hired an {intern} for the summer.
internship	amaliyot	n	/ˈɪntɜːnʃɪp/	She did an {internship} at a bank.
training	o'qitish, trening	n	/ˈtreɪnɪŋ/	New workers get two weeks of {training}.
workshop	seminar, ustaxona	n	/ˈwɜːkʃɒp/	I attended a writing {workshop}.
conference	konferensiya	n	/ˈkɒnfərəns/	She spoke at an international {conference}.
agenda	kun tartibi	n	/əˈdʒendə/	What's on the {agenda} for today's meeting?
schedule	jadval	n	/ˈʃedjuːl/	I have a busy {schedule} this week.
target	maqsad, reja	n	/ˈtɑːɡɪt/	We reached our sales {target}.
achieve	erishmoq	v	/əˈtʃiːv/	You can {achieve} anything if you work hard.
manage	boshqarmoq, uddalamoq	v	/ˈmænɪdʒ/	She will {manage} the new project.
supervise	nazorat qilmoq	v	/ˈsuːpəvaɪz/	The teacher will {supervise} the exam.
negotiate	muzokara olib bormoq	v	/nɪˈɡəʊʃieɪt/	We need to {negotiate} a better price.
cooperate	hamkorlik qilmoq	v	/kəʊˈɒpəreɪt/	The two companies will {cooperate} on the project.
resign	iste'foga chiqmoq	v	/rɪˈzaɪn/	He decided to {resign} from his job.
quit	tashlamoq, ketmoq	v	/kwɪt/	She wants to {quit} her job.
commute	ishga qatnamoq	v	/kəˈmjuːt/	I {commute} to work by metro.
deal with	hal qilmoq	phrase	/ˈdiːl wɪð/	I have to {deal with} a lot of emails.
take over	o'z qo'liga olmoq	phrase	/teɪk ˈəʊvə/	She will {take over} as manager next month.
carry out	amalga oshirmoq	phrase	/ˈkæri aʊt/	We need to {carry out} more tests.
set up	tashkil etmoq	phrase	/set ˈʌp/	They want to {set up} their own business.
work out	hal qilmoq, tushunib yetmoq	phrase	/wɜːk ˈaʊt/	I can't {work out} the answer.
hand in	topshirmoq	phrase	/hænd ˈɪn/	Please {hand in} your homework on Friday.
catch up	yetib olmoq	phrase	/kætʃ ˈʌp/	I missed a week, so I need to {catch up}.
keep up with	orqada qolmaslik	phrase	/kiːp ˈʌp wɪð/	It's hard to {keep up with} the class.
drop out	o'qishni tashlab ketmoq	phrase	/drɒp ˈaʊt/	He decided to {drop out} of university.
qualified	malakali	adj	/ˈkwɒlɪfaɪd/	She is a {qualified} nurse.
experienced	tajribali	adj	/ɪkˈspɪəriənst/	We need an {experienced} driver.
skilled	malakali, mohir	adj	/skɪld/	He is a {skilled} worker.
efficient	samarali	adj	/ɪˈfɪʃnt/	This is a more {efficient} way of working.
productive	sermahsul	adj	/prəˈdʌktɪv/	I'm more {productive} in the morning.
professional	professional	adj	/prəˈfeʃənl/	She gave a very {professional} presentation.
temporary	vaqtinchalik	adj	/ˈtemprəri/	It's only a {temporary} job.
permanent	doimiy	adj	/ˈpɜːmənənt/	He is looking for a {permanent} job.
junior	kichik (lavozim)	adj	/ˈdʒuːniə/	She is a {junior} designer.
senior	katta (lavozim)	adj	/ˈsiːniə/	He is a {senior} manager.
demanding	ko'p talab qiladigan	adj	/dɪˈmɑːndɪŋ/	Nursing is a {demanding} job.
rewarding	mamnuniyat bag'ishlaydigan	adj	/rɪˈwɔːdɪŋ/	Teaching is a {rewarding} job.
stressful	asabbuzar	adj	/ˈstresfl/	My job is very {stressful}.
well-paid	yaxshi maoshli	adj	/ˌwel ˈpeɪd/	She has a {well-paid} job in a bank.
society	jamiyat	n	/səˈsaɪəti/	Education is important for {society}.
community	jamoa, hamjamiyat	n	/kəˈmjuːnəti/	Our local {community} organised a festival.
population	aholi	n	/ˌpɒpjuˈleɪʃn/	The {population} of Tashkent is about three million.
citizen	fuqaro	n	/ˈsɪtɪzn/	Every {citizen} has the right to vote.
government	hukumat	n	/ˈɡʌvənmənt/	The {government} built a new hospital.
president	prezident	n	/ˈprezɪdənt/	The {president} gave a speech on TV.
minister	vazir	n	/ˈmɪnɪstə/	The education {minister} visited our school.
parliament	parlament	n	/ˈpɑːləmənt/	{Parliament} passed a new law.
election	saylov	n	/ɪˈlekʃn/	The {election} will take place in December.
politics	siyosat	n	/ˈpɒlətɪks/	He isn't interested in {politics}.
politician	siyosatchi	n	/ˌpɒləˈtɪʃn/	The {politician} promised new jobs.
law	qonun	n	/lɔː/	It is against the {law} to drive without a licence.
rights	huquqlar	n	/raɪts/	Children have {rights} too.
freedom	erkinlik	n	/ˈfriːdəm/	{Freedom} of speech is important.
equality	tenglik	n	/iˈkwɒləti/	We believe in {equality} for men and women.
poverty	qashshoqlik	n	/ˈpɒvəti/	Many people still live in {poverty}.
wealth	boylik	n	/welθ/	His {wealth} comes from oil.
charity	xayriya	n	/ˈtʃærəti/	She gives money to {charity} every month.
donate	xayriya qilmoq	v	/dəʊˈneɪt/	We {donate} clothes to poor families.
protest	norozilik namoyishi	n	/ˈprəʊtest/	Thousands of people joined the {protest}.
tradition	an'ana	n	/trəˈdɪʃn/	Navruz is an old {tradition}.
custom	odat, urf	n	/ˈkʌstəm/	It is a {custom} to take off your shoes at home.
culture	madaniyat	n	/ˈkʌltʃə/	I'm interested in Japanese {culture}.
religion	din	n	/rɪˈlɪdʒən/	People of every {religion} live in this city.
belief	e'tiqod, ishonch	n	/bɪˈliːf/	We respect your {belief}.
ceremony	marosim	n	/ˈserəməni/	The wedding {ceremony} was beautiful.
generation gap	avlodlar farqi	n	/ˌdʒenəˈreɪʃn ɡæp/	There is a big {generation gap} between us.
media	ommaviy axborot vositalari	n	/ˈmiːdiə/	The {media} reported the story.
press	matbuot	n	/pres/	The {press} wrote about the new law.
reporter	muxbir	n	/rɪˈpɔːtə/	A {reporter} asked the minister a question.
editor	muharrir	n	/ˈedɪtə/	The {editor} checked the article.
broadcast	efirga uzatmoq	v	/ˈbrɔːdkɑːst/	They will {broadcast} the match live.
publish	nashr qilmoq	v	/ˈpʌblɪʃ/	They will {publish} her new book next year.
announce	e'lon qilmoq	v	/əˈnaʊns/	The school will {announce} the results tomorrow.
announcement	e'lon	n	/əˈnaʊnsmənt/	There was an {announcement} at the station.
advert	reklama	n	/ˈædvɜːt/	I saw an {advert} for a new car.
commercial	reklama roligi	n	/kəˈmɜːʃl/	There are too many {commercial} breaks on TV.
viewer	tomoshabin	n	/ˈvjuːə/	Every {viewer} can vote for the winner.
celebrity	mashhur shaxs	n	/səˈlebrəti/	She became a {celebrity} after the show.
fame	shon-shuhrat	n	/feɪm/	He found {fame} on social media.
gossip	g'iybat	n	/ˈɡɒsɪp/	Don't listen to {gossip}.
rumour	mish-mish	n	/ˈruːmə/	I heard a {rumour} about the new teacher.
source	manba	n	/sɔːs/	Always check the {source} of the news.
issue	masala, muammo	n	/ˈɪʃuː/	Pollution is a serious {issue}.
topic	mavzu	n	/ˈtɒpɪk/	Choose a {topic} for your essay.
debate	munozara	n	/dɪˈbeɪt/	We had a {debate} about school uniforms.
survey	so'rovnoma	n	/ˈsɜːveɪ/	The {survey} shows that people love football.
statistics	statistika	n	/stəˈtɪstɪks/	The {statistics} show a big change.
percentage	foiz	n	/pəˈsentɪdʒ/	What {percentage} of students passed?
crime	jinoyat	n	/kraɪm/	{Crime} in the city has fallen.
criminal	jinoyatchi	n	/ˈkrɪmɪnl/	The police caught the {criminal}.
robbery	talonchilik	n	/ˈrɒbəri/	There was a {robbery} at the bank.
burglar	o'g'ri (uyga tushuvchi)	n	/ˈbɜːɡlə/	A {burglar} broke into our neighbour's house.
pickpocket	cho'ntakkesar	n	/ˈpɪkpɒkɪt/	Be careful of a {pickpocket} on the bus.
victim	jabrlanuvchi	n	/ˈvɪktɪm/	The {victim} was taken to hospital.
witness	guvoh	n	/ˈwɪtnəs/	The {witness} saw everything.
suspect	gumondor	n	/ˈsʌspekt/	The police arrested a {suspect}.
evidence	dalil	n	/ˈevɪdəns/	There is no {evidence} that he did it.
judge	sudya	n	/dʒʌdʒ/	The {judge} listened to both sides.
trial	sud jarayoni	n	/ˈtraɪəl/	The {trial} will begin next month.
punishment	jazo	n	/ˈpʌnɪʃmənt/	The {punishment} was ten years in prison.
arrest	hibsga olmoq	v	/əˈrest/	The police will {arrest} the thief.
rob	talamoq	v	/rɒb/	Two men tried to {rob} the shop.
break into	bostirib kirmoq	phrase	/breɪk ˈɪntuː/	Someone tried to {break into} my car.
commit	sodir etmoq (jinoyat)	v	/kəˈmɪt/	He didn't {commit} the crime.
investigate	tergov qilmoq	v	/ɪnˈvestɪɡeɪt/	The police will {investigate} the accident.
illegal	noqonuniy	adj	/ɪˈliːɡl/	It is {illegal} to sell alcohol to children.
legal	qonuniy	adj	/ˈliːɡl/	Is it {legal} to park here?
guilty	aybdor	adj	/ˈɡɪlti/	The court found him {guilty}.
innocent	aybsiz	adj	/ˈɪnəsnt/	She says she is {innocent}.
security	xavfsizlik	n	/sɪˈkjʊərəti/	{Security} at the airport is very strict.
safety	xavfsizlik (himoya)	n	/ˈseɪfti/	Wear a helmet for your {safety}.
violence	zo'ravonlik	n	/ˈvaɪələns/	There is too much {violence} in films.
war	urush	n	/wɔː/	My grandfather fought in the {war}.
army	armiya	n	/ˈɑːmi/	He joined the {army} at eighteen.
weapon	qurol	n	/ˈwepən/	The police found a {weapon} in the car.
bomb	bomba	n	/bɒm/	The {bomb} didn't explode.
refugee	qochoq	n	/ˌrefjuˈdʒiː/	The {refugee} family found a new home.
immigrant	immigrant	n	/ˈɪmɪɡrənt/	His father was an {immigrant} from Turkey.
nationality	fuqarolik, millat	n	/ˌnæʃəˈnæləti/	What is your {nationality}?
border control	chegara nazorati	n	/ˈbɔːdə kəntrəʊl/	We waited an hour at {border control}.
embassy	elchixona	n	/ˈembəsi/	I applied for a visa at the {embassy}.
official	rasmiy	adj	/əˈfɪʃl/	Uzbek is the {official} language of Uzbekistan.
public transport	jamoat transporti	n	/ˌpʌblɪk ˈtrænspɔːt/	I use {public transport} every day.
local government	mahalliy hokimiyat	n	/ˌləʊkl ˈɡʌvənmənt/	The {local government} repaired the road.
mayor	shahar hokimi	n	/meə/	The {mayor} opened the new park.
elect	saylamoq	v	/ɪˈlekt/	People will {elect} a new mayor.
ban	taqiqlamoq	v	/bæn/	The school decided to {ban} mobile phones.
permission	ruxsat	n	/pəˈmɪʃn/	You need {permission} to film here.
warning	ogohlantirish	n	/ˈwɔːnɪŋ/	The {warning} said "Danger!".
emergency exit	favqulodda chiqish	n	/ɪˈmɜːdʒənsi eksɪt/	Where is the {emergency exit}?
alarm	signal, trevoga	n	/əˈlɑːm/	The fire {alarm} went off.
rescue team	qutqaruv guruhi	n	/ˈreskjuː tiːm/	The {rescue team} found the climbers.
disaster	falokat	n	/dɪˈzɑːstə/	The flood was a terrible {disaster}.
damage	zarar	n	/ˈdæmɪdʒ/	The storm caused a lot of {damage}.
injury	jarohat	n	/ˈɪndʒəri/	He has a knee {injury}.
survivor	omon qolgan odam	n	/səˈvaɪvə/	The only {survivor} was a little girl.
current affairs	dolzarb voqealar	n	/ˌkʌrənt əˈfeəz/	I like programmes about {current affairs}.
global warming	global isish	n	/ˌɡləʊbl ˈwɔːmɪŋ/	{Global warming} is melting the ice.
climate change	iqlim o'zgarishi	n	/ˈklaɪmət tʃeɪndʒ/	{Climate change} affects every country.
greenhouse	issiqxona	n	/ˈɡriːnhaʊs/	We grow tomatoes in a {greenhouse}.
carbon	uglerod	n	/ˈkɑːbən/	Cars produce a lot of {carbon} dioxide.
fuel	yoqilg'i	n	/ˈfjuːəl/	The car is running out of {fuel}.
energy	energiya	n	/ˈenədʒi/	Solar {energy} is clean and cheap.
electricity	elektr quvvati	n	/ɪˌlekˈtrɪsəti/	Turn off the lights to save {electricity}.
solar	quyosh (energiyasi)	adj	/ˈsəʊlə/	They put {solar} panels on the roof.
wind power	shamol energiyasi	n	/ˈwɪnd paʊə/	{Wind power} is a clean source of energy.
resource	resurs, manba	n	/rɪˈzɔːs/	Water is a precious {resource}.
natural	tabiiy	adj	/ˈnætʃrəl/	This juice is 100% {natural}.
environmental	ekologik	adj	/ɪnˌvaɪrənˈmentl/	Pollution is a big {environmental} problem.
species	tur (biologik)	n	/ˈspiːʃiːz/	This {species} of bird is very rare.
endangered	yo'qolib ketish xavfi ostidagi	adj	/ɪnˈdeɪndʒəd/	The snow leopard is an {endangered} animal.
extinct	qirilib ketgan	adj	/ɪkˈstɪŋkt/	Dinosaurs are {extinct}.
habitat	yashash muhiti	n	/ˈhæbɪtæt/	The forest is the bear's natural {habitat}.
drought	qurg'oqchilik	n	/draʊt/	The {drought} destroyed the crops.
heatwave	jazirama	n	/ˈhiːtweɪv/	There was a {heatwave} in July.
hurricane	dovul	n	/ˈhʌrɪkən/	The {hurricane} destroyed many houses.
volcano	vulqon	n	/vɒlˈkeɪnəʊ/	The {volcano} erupted last year.
landscape	manzara (tabiat)	n	/ˈlændskeɪp/	The mountain {landscape} is beautiful.
coastline	sohil chizig'i	n	/ˈkəʊstlaɪn/	We drove along the {coastline}.
glacier	muzlik	n	/ˈɡlæsiə/	The {glacier} is melting fast.
ozone layer	ozon qatlami	n	/ˈəʊzəʊn leɪə/	The {ozone layer} protects us from the sun.
litter	axlat (ko'chadagi)	n	/ˈlɪtə/	Please don't drop {litter} in the park.
plastic bag	plastik paket	n	/ˌplæstɪk ˈbæɡ/	Use a cloth bag instead of a {plastic bag}.
reusable	qayta ishlatiladigan	adj	/ˌriːˈjuːzəbl/	Buy a {reusable} water bottle.
harmful	zararli	adj	/ˈhɑːmfl/	Smoking is {harmful} to your health.
toxic	zaharli	adj	/ˈtɒksɪk/	These chemicals are {toxic}.
pollute	ifloslantirmoq	v	/pəˈluːt/	Factories {pollute} the air.
reduce	kamaytirmoq	v	/rɪˈdjuːs/	We must {reduce} waste.
reuse	qayta foydalanmoq	v	/ˌriːˈjuːz/	{Reuse} your plastic bags.
preserve	saqlab qolmoq	v	/prɪˈzɜːv/	We must {preserve} our forests.
conserve	tejamoq (tabiat)	v	/kənˈsɜːv/	We must {conserve} water in summer.
cut down	kesib tashlamoq	phrase	/kʌt ˈdaʊn/	They want to {cut down} the old trees.
run out	tugab qolmoq	phrase	/rʌn ˈaʊt/	Oil will {run out} one day.
scientific	ilmiy	adj	/ˌsaɪənˈtɪfɪk/	This is a {scientific} fact.
invention	ixtiro	n	/ɪnˈvenʃn/	The phone is a great {invention}.
inventor	ixtirochi	n	/ɪnˈventə/	Edison was a famous {inventor}.
invent	ixtiro qilmoq	v	/ɪnˈvent/	Who will {invent} the next big thing?
discovery	kashfiyot	n	/dɪˈskʌvəri/	It was an important {discovery}.
theory	nazariya	n	/ˈθɪəri/	Einstein's {theory} changed physics.
technology	texnologiya	n	/tekˈnɒlədʒi/	{Technology} is changing our lives.
device	qurilma	n	/dɪˈvaɪs/	A phone is a useful {device}.
gadget	gadjet	n	/ˈɡædʒɪt/	This kitchen {gadget} peels apples.
equipment	jihozlar	n	/ɪˈkwɪpmənt/	The gym has modern {equipment}.
software	dasturiy ta'minot	n	/ˈsɒftweə/	I need new {software} for my computer.
hardware	apparat ta'minoti	n	/ˈhɑːdweə/	The {hardware} of this computer is old.
program	dastur (kompyuter)	n	/ˈprəʊɡræm/	This {program} checks your spelling.
artificial intelligence	sun'iy intellekt	n	/ˌɑːtɪfɪʃl ɪnˈtelɪdʒəns/	{Artificial intelligence} can translate texts.
robot	robot	n	/ˈrəʊbɒt/	The {robot} cleans the floor.
virus	virus	n	/ˈvaɪrəs/	My computer has a {virus}.
network	tarmoq	n	/ˈnetwɜːk/	The office {network} is down.
connection	ulanish, aloqa	n	/kəˈnekʃn/	The internet {connection} is slow.
wireless	simsiz	adj	/ˈwaɪələs/	I bought {wireless} headphones.
digital	raqamli	adj	/ˈdɪdʒɪtl/	We live in a {digital} world.
electronic	elektron	adj	/ɪˌlekˈtrɒnɪk/	I prefer {electronic} books.
online shopping	onlayn xarid	n	/ˌɒnlaɪn ˈʃɒpɪŋ/	{Online shopping} saves time.
profile	profil	n	/ˈprəʊfaɪl/	Update your {profile} photo.
comment	izoh	n	/ˈkɒment/	She left a {comment} under my photo.
follower	obunachi	n	/ˈfɒləʊə/	She got a new {follower} today.
blog	blog	n	/blɒɡ/	She writes a travel {blog}.
podcast	podkast	n	/ˈpɒdkɑːst/	I listen to an English {podcast} every day.
browser	brauzer	n	/ˈbraʊzə/	Open the {browser} and go to our website.
search engine	qidiruv tizimi	n	/ˈsɜːtʃ endʒɪn/	Google is a popular {search engine}.
log in	tizimga kirmoq	phrase	/lɒɡ ˈɪn/	{Log in} with your username.
log out	tizimdan chiqmoq	phrase	/lɒɡ ˈaʊt/	Don't forget to {log out}.
sign up	ro'yxatdan o'tmoq	phrase	/saɪn ˈʌp/	{Sign up} for our newsletter.
back up	zaxira nusxa olmoq	phrase	/bæk ˈʌp/	Always {back up} your files.
charge	quvvatlamoq	v	/tʃɑːdʒ/	I need to {charge} my phone.
scan	skanerlamoq	v	/skæn/	{Scan} the document and email it to me.
store	saqlamoq	v	/stɔː/	You can {store} photos in the cloud.
access	kirish imkoni	n	/ˈækses/	Students have free {access} to the internet.
hack	buzib kirmoq (tizimga)	v	/hæk/	Someone tried to {hack} my account.
microscope	mikroskop	n	/ˈmaɪkrəskəʊp/	Look at the cells through a {microscope}.
telescope	teleskop	n	/ˈtelɪskəʊp/	We saw the moon through a {telescope}.
oxygen	kislorod	n	/ˈɒksɪdʒən/	We need {oxygen} to live.
gas	gaz	n	/ɡæs/	We cook with {gas}.
liquid	suyuqlik	n	/ˈlɪkwɪd/	Water is a {liquid}.
chemical	kimyoviy modda	n	/ˈkemɪkl/	This {chemical} is dangerous.
atom	atom	n	/ˈætəm/	An {atom} is very, very small.
cell	hujayra	n	/sel/	Every {cell} in your body needs water.
gene	gen	n	/dʒiːn/	You got that {gene} from your father.
evolution	evolyutsiya	n	/ˌiːvəˈluːʃn/	Darwin wrote about {evolution}.
gravity	tortishish kuchi	n	/ˈɡrævəti/	{Gravity} keeps us on the ground.
space	koinot, fazo	n	/speɪs/	The first man in {space} was Gagarin.
universe	olam	n	/ˈjuːnɪvɜːs/	The {universe} is very old.
galaxy	galaktika	n	/ˈɡæləksi/	Our {galaxy} is called the Milky Way.
satellite	sun'iy yo'ldosh	n	/ˈsætəlaɪt/	The {satellite} sends TV signals.
rocket	raketa	n	/ˈrɒkɪt/	The {rocket} flew into space.
spaceship	kosmik kema	n	/ˈspeɪsʃɪp/	The {spaceship} landed on the moon.
Earth	Yer (sayyora)	n	/ɜːθ/	The {Earth} goes around the sun.
sample	namuna	n	/ˈsɑːmpl/	The nurse took a blood {sample}.
result	natija	n	/rɪˈzʌlt/	The {result} of the test was good.
method	usul	n	/ˈmeθəd/	This is a new {method} of teaching.
process	jarayon	n	/ˈprəʊses/	Learning a language is a long {process}.
system	tizim	n	/ˈsɪstəm/	The school has a new {system} for exams.
structure	tuzilma	n	/ˈstrʌktʃə/	We studied the {structure} of the cell.
function	vazifa, funksiya	n	/ˈfʌŋkʃn/	What is the {function} of this button?
feature	xususiyat	n	/ˈfiːtʃə/	The new phone has a great camera {feature}.
limit	chegara	n	/ˈlɪmɪt/	There is a speed {limit} of 60 km/h here.
range	diapazon, assortiment	n	/reɪndʒ/	The shop has a wide {range} of books.
average	o'rtacha	n	/ˈævərɪdʒ/	The {average} age of students is twenty.
total	jami	n	/ˈtəʊtl/	The {total} is 50,000 som.
per cent	foiz	n	/pə ˈsent/	Ninety {per cent} of students passed.
lifestyle	turmush tarzi	n	/ˈlaɪfstaɪl/	She has a very healthy {lifestyle}.
fitness	jismoniy tayyorgarlik	n	/ˈfɪtnəs/	He goes to the gym to improve his {fitness}.
nutrition	ovqatlanish	n	/njuˈtrɪʃn/	Good {nutrition} is important for children.
calorie	kaloriya	n	/ˈkæləri/	This drink doesn't have a single {calorie}.
protein	oqsil	n	/ˈprəʊtiːn/	Eggs are full of {protein}.
junk food	zararli ovqat	n	/ˈdʒʌŋk fuːd/	Try not to eat {junk food}.
balanced	muvozanatli	adj	/ˈbælənst/	Eat a {balanced} diet.
addicted	qaram bo'lgan	adj	/əˈdɪktɪd/	He is {addicted} to computer games.
sugar-free	shakarsiz	adj	/ˌʃʊɡə ˈfriː/	I drink {sugar-free} lemonade.
symptom	alomat	n	/ˈsɪmptəm/	A fever is a common {symptom} of flu.
disease	kasallik	n	/dɪˈziːz/	Heart {disease} is a serious problem.
treatment	davolash	n	/ˈtriːtmənt/	The {treatment} lasted two weeks.
therapy	terapiya	n	/ˈθerəpi/	She needs {therapy} after the accident.
recovery	sog'ayish	n	/rɪˈkʌvəri/	I wish you a fast {recovery}.
pain relief	og'riqni qoldirish	n	/ˈpeɪn rɪliːf/	This medicine gives {pain relief}.
dose	doza	n	/dəʊs/	Don't take more than one {dose} a day.
side effect	nojo'ya ta'sir	n	/ˈsaɪd ɪfekt/	Headache is a {side effect} of this medicine.
heart attack	yurak xuruji	n	/ˈhɑːt ətæk/	He had a {heart attack} last year.
blood pressure	qon bosimi	n	/ˈblʌd preʃə/	The nurse checked my {blood pressure}.
stress	stress	n	/stres/	Exams cause a lot of {stress}.
depression	depressiya	n	/dɪˈpreʃn/	{Depression} is a serious illness.
mental health	ruhiy salomatlik	n	/ˌmentl ˈhelθ/	Sport is good for your {mental health}.
insomnia	uyqusizlik	n	/ɪnˈsɒmniə/	He suffers from {insomnia}.
exhaustion	holdan toyish	n	/ɪɡˈzɔːstʃən/	She was taken to hospital with {exhaustion}.
first aid	birinchi yordam	n	/ˌfɜːst ˈeɪd/	Every teacher should know {first aid}.
emergency room	shoshilinch yordam bo'limi	n	/ɪˈmɜːdʒənsi ruːm/	They took him to the {emergency room}.
ward	palata	n	/wɔːd/	My grandmother is in the women's {ward}.
paramedic	feldsher	n	/ˌpærəˈmedɪk/	The {paramedic} helped the injured man.
injection	ukol	n	/ɪnˈdʒekʃn/	The nurse gave me an {injection}.
scar	chandiq	n	/skɑː/	He has a {scar} on his hand.
sprain	paylari cho'zilmoq	v	/spreɪn/	Be careful not to {sprain} your ankle.
suffer	azob chekmoq	v	/ˈsʌfə/	Many people {suffer} from headaches.
treat	davolamoq	v	/triːt/	The doctor will {treat} your arm.
prevent	oldini olmoq	v	/prɪˈvent/	Washing your hands helps {prevent} illness.
heal	bitmoq (yara)	v	/hiːl/	The cut will {heal} in a week.
examine	tekshirmoq (tibbiy)	v	/ɪɡˈzæmɪn/	The doctor will {examine} you now.
get over	tuzalib ketmoq	phrase	/ɡet ˈəʊvə/	It took me a week to {get over} the flu.
pass out	hushdan ketmoq	phrase	/pɑːs ˈaʊt/	He was so hot that he started to {pass out}.
throw up	qusmoq	phrase	/θrəʊ ˈʌp/	The child felt sick and wanted to {throw up}.
warm up	qizishmoq (mashqdan oldin)	phrase	/wɔːm ˈʌp/	Always {warm up} before you run.
put on weight	vazn qo'shmoq	phrase	/pʊt ɒn ˈweɪt/	I {put on weight} during the holidays.
lose weight	vazn yo'qotmoq	phrase	/luːz ˈweɪt/	She wants to {lose weight} before the wedding.
active	faol	adj	/ˈæktɪv/	My grandfather is still very {active}.
physical	jismoniy	adj	/ˈfɪzɪkl/	{Physical} exercise is good for you.
mental	ruhiy, aqliy	adj	/ˈmentl/	Chess is good {mental} exercise.
medical	tibbiy	adj	/ˈmedɪkl/	She is a {medical} student.
painful	og'riqli	adj	/ˈpeɪnfl/	My knee is very {painful}.
athlete	sportchi	n	/ˈæθliːt/	She is a professional {athlete}.
opponent	raqib	n	/əˈpəʊnənt/	He shook hands with his {opponent}.
tournament	turnir	n	/ˈtʊənəmənt/	Our team won the chess {tournament}.
championship	chempionat	n	/ˈtʃæmpiənʃɪp/	They won the world {championship}.
league	liga	n	/liːɡ/	Our team is top of the {league}.
spectator	tomoshabin (sport)	n	/spekˈteɪtə/	Every {spectator} stood up and cheered.
court	maydon (tennis, basketbol)	n	/kɔːt/	The players are on the tennis {court}.
pitch	maydon (futbol)	n	/pɪtʃ/	The players ran onto the {pitch}.
track	yugurish yo'lakchasi	n	/træk/	She runs round the {track} every morning.
racket	raketka	n	/ˈrækɪt/	I need a new tennis {racket}.
net	to'r	n	/net/	The ball hit the {net}.
whistle	hushtak	n	/ˈwɪsl/	The referee blew the {whistle}.
penalty	penalti	n	/ˈpenəlti/	He scored from a {penalty}.
defeat	mag'lubiyat	n	/dɪˈfiːt/	It was a painful {defeat}.
victory	g'alaba	n	/ˈvɪktəri/	The fans celebrated the {victory}.
compete	bellashmoq	v	/kəmˈpiːt/	Ten teams will {compete} in the tournament.
defend	himoya qilmoq	v	/dɪˈfend/	Our team must {defend} better.
attack	hujum qilmoq	v	/əˈtæk/	The team decided to {attack} from the start.
cheer	olqishlamoq	v	/tʃɪə/	The fans {cheer} for their team.
qualify	saralashdan o'tmoq	v	/ˈkwɒlɪfaɪ/	Uzbekistan hopes to {qualify} for the World Cup.
vegan	vegan	n	/ˈviːɡən/	She became a {vegan} last year.
organic	organik	adj	/ɔːˈɡænɪk/	We buy {organic} vegetables.
home-made	uyda tayyorlangan	adj	/ˌhəʊm ˈmeɪd/	I love {home-made} bread.
takeaway	olib ketiladigan ovqat	n	/ˈteɪkəweɪ/	Let's get a {takeaway} tonight.
appetite	ishtaha	n	/ˈæpɪtaɪt/	The child has a good {appetite}.
cuisine	oshxona (milliy taomlar)	n	/kwɪˈziːn/	Uzbek {cuisine} is famous for plov.
dairy	sut mahsulotlari	n	/ˈdeəri/	I can't eat {dairy} products.
grain	don	n	/ɡreɪn/	Rice is a {grain}.
sweetener	shakar o'rnini bosuvchi	n	/ˈswiːtnə/	I use {sweetener} instead of sugar.
leftovers	qolgan ovqat	n	/ˈleftəʊvəz/	We ate the {leftovers} for lunch.
destination	manzil (borish joyi)	n	/ˌdestɪˈneɪʃn/	Samarkand is a popular tourist {destination}.
accommodation	turar joy	n	/əˌkɒməˈdeɪʃn/	The price includes {accommodation} and meals.
boarding pass	bortga chiqish talonchasi	n	/ˈbɔːdɪŋ pɑːs/	Show your {boarding pass} at the gate.
departure	jo'nash	n	/dɪˈpɑːtʃə/	The {departure} time is 6:30.
arrival	kelish	n	/əˈraɪvl/	The {arrival} of the train was late.
itinerary	sayohat rejasi	n	/aɪˈtɪnərəri/	Our {itinerary} includes three cities.
package holiday	tayyor tur paketi	n	/ˈpækɪdʒ hɒlədeɪ/	We booked a {package holiday} to Turkey.
travel agent	turoperator	n	/ˈtrævl eɪdʒənt/	The {travel agent} booked our hotel.
tourism	turizm	n	/ˈtʊərɪzəm/	{Tourism} is important for Khiva.
cruise	kruiz	n	/kruːz/	They went on a {cruise} around the Mediterranean.
voyage	dengiz sayohati	n	/ˈvɔɪɪdʒ/	The {voyage} took three weeks.
excursion	ekskursiya	n	/ɪkˈskɜːʃn/	We went on an {excursion} to the mountains.
landmark	diqqatga sazovor joy	n	/ˈlændmɑːk/	The Registan is a famous {landmark}.
sights	diqqatga sazovor joylar	n	/saɪts/	We saw all the {sights} of Bukhara.
heritage	meros	n	/ˈherɪtɪdʒ/	Khiva is a world {heritage} site.
architecture	me'morchilik	n	/ˈɑːkɪtektʃə/	I love the {architecture} of old Samarkand.
jet lag	vaqt farqidan charchash	n	/ˈdʒet læɡ/	I had terrible {jet lag} after the flight.
currency	valyuta	n	/ˈkʌrənsi/	What {currency} do they use in Turkey?
exchange rate	valyuta kursi	n	/ɪksˈtʃeɪndʒ reɪt/	The {exchange rate} changes every day.
insurance	sug'urta	n	/ɪnˈʃʊərəns/	Don't travel without {insurance}.
round trip	borib-kelish	n	/ˌraʊnd ˈtrɪp/	A {round trip} ticket is cheaper.
one-way	bir tomonga	adj	/ˌwʌn ˈweɪ/	I bought a {one-way} ticket to Moscow.
direct	to'g'ridan-to'g'ri	adj	/dəˈrekt/	Is there a {direct} flight to London?
peaceful	osuda	adj	/ˈpiːsfl/	The village is very {peaceful}.
remote	chekka, uzoq	adj	/rɪˈməʊt/	They live in a {remote} village.
scenic	manzarali	adj	/ˈsiːnɪk/	We took the {scenic} road through the mountains.
breathtaking	nafasni rostlatadigan	adj	/ˈbreθteɪkɪŋ/	The view from the top was {breathtaking}.
historic	tarixiy	adj	/hɪˈstɒrɪk/	We walked around the {historic} centre.
tourist trap	sayyohlarni aldaydigan joy	n	/ˈtʊərɪst træp/	That restaurant is a {tourist trap}.
guidebook	yo'lko'rsatkich kitob	n	/ˈɡaɪdbʊk/	The {guidebook} says the museum is closed on Monday.
campsite	lager joyi	n	/ˈkæmpsaɪt/	We stayed at a {campsite} by the lake.
sleeping bag	uyqu xaltasi	n	/ˈsliːpɪŋ bæɡ/	Don't forget your {sleeping bag}.
set out	yo'lga tushmoq	phrase	/set ˈaʊt/	We {set out} at five in the morning.
get away	dam olishga ketmoq	phrase	/ɡet əˈweɪ/	We want to {get away} for the weekend.
look around	aylanib chiqmoq	phrase	/lʊk əˈraʊnd/	Let's {look around} the old town.
stop over	yo'lda to'xtamoq	phrase	/stɒp ˈəʊvə/	We will {stop over} in Istanbul for a night.
see off	kuzatib qo'ymoq	phrase	/siː ˈɒf/	My parents came to the airport to {see off} my sister.
housing	uy-joy	n	/ˈhaʊzɪŋ/	{Housing} is expensive in the capital.
property	mulk	n	/ˈprɒpəti/	This {property} belongs to my uncle.
landlord	uy egasi (ijaraga beruvchi)	n	/ˈlændlɔːd/	Our {landlord} lives upstairs.
tenant	ijarachi	n	/ˈtenənt/	The new {tenant} moves in on Monday.
deposit	zakalat puli	n	/dɪˈpɒzɪt/	We paid a {deposit} for the flat.
estate agent	ko'chmas mulk agenti	n	/ɪˈsteɪt eɪdʒənt/	The {estate agent} showed us three flats.
furnished	mebellangan	adj	/ˈfɜːnɪʃt/	We rent a {furnished} flat.
spacious	keng (xona)	adj	/ˈspeɪʃəs/	The living room is very {spacious}.
cosy	shinam	adj	/ˈkəʊzi/	Our kitchen is small but {cosy}.
detached house	alohida uy	n	/dɪˌtætʃt ˈhaʊs/	They live in a {detached house} with a garden.
block of flats	ko'p qavatli uy	n	/ˌblɒk əv ˈflæts/	We live in a {block of flats}.
skyscraper	osmono'par bino	n	/ˈskaɪskreɪpə/	Dubai has the tallest {skyscraper} in the world.
cottage	kottej	n	/ˈkɒtɪdʒ/	They have a small {cottage} in the mountains.
floor plan	uy rejasi	n	/ˈflɔː plæn/	Look at the {floor plan} of the flat.
move in	ko'chib kirmoq	phrase	/muːv ˈɪn/	We will {move in} next week.
move out	ko'chib chiqmoq	phrase	/muːv ˈaʊt/	The old tenants will {move out} on Friday.
renovate	ta'mirlamoq	v	/ˈrenəveɪt/	They plan to {renovate} the old house.
urban	shahar (ga oid)	adj	/ˈɜːbən/	More people now live in {urban} areas.
rural	qishloq (ga oid)	adj	/ˈrʊərəl/	Life in {rural} areas is quieter.
district	tuman	n	/ˈdɪstrɪkt/	We live in the Yunusabad {district}.
region	viloyat, mintaqa	n	/ˈriːdʒən/	The Fergana {region} is famous for silk.
province	viloyat	n	/ˈprɒvɪns/	He comes from a small {province} in the south.
residential	turar-joy (ga oid)	adj	/ˌrezɪˈdenʃl/	This is a quiet {residential} area.
industrial	sanoat (ga oid)	adj	/ɪnˈdʌstriəl/	Chirchiq is an {industrial} city.
pedestrian	piyoda	n	/pəˈdestriən/	The car stopped for a {pedestrian}.
pavement	piyodalar yo'lagi	n	/ˈpeɪvmənt/	Walk on the {pavement}.
junction	chorraha	n	/ˈdʒʌŋkʃn/	Turn right at the next {junction}.
bus lane	avtobus yo'lagi	n	/ˈbʌs leɪn/	Cars can't drive in the {bus lane}.
parking space	to'xtash joyi	n	/ˈpɑːkɪŋ speɪs/	It's hard to find a {parking space} here.
speed limit	tezlik chegarasi	n	/ˈspiːd lɪmɪt/	The {speed limit} in the city is 60.
rush hour	tig'iz soat	n	/ˈrʌʃ aʊə/	The metro is full during {rush hour}.
commuter	ishga qatnovchi	n	/kəˈmjuːtə/	Every {commuter} was late because of the snow.
vehicle	transport vositasi	n	/ˈviːəkl/	No {vehicle} is allowed in the old city.
van	furgon	n	/væn/	The delivery {van} arrived early.
lorry	yuk mashinasi	n	/ˈlɒri/	A big {lorry} blocked the road.
ferry	parom	n	/ˈferi/	We took the {ferry} across the lake.
cab	taksi	n	/kæb/	Let's take a {cab}.
petrol	benzin	n	/ˈpetrəl/	We need to buy {petrol}.
breakdown	buzilish (mashina)	n	/ˈbreɪkdaʊn/	We had a {breakdown} on the motorway.
fill up	to'ldirmoq (yoqilg'i)	phrase	/fɪl ˈʌp/	Let's {fill up} before the long drive.
pull over	yo'l chetiga to'xtamoq	phrase	/pʊl ˈəʊvə/	The police told him to {pull over}.
slow down	sekinlashmoq	phrase	/sləʊ ˈdaʊn/	{Slow down}, there's a school here.
speed up	tezlashmoq	phrase	/spiːd ˈʌp/	The train began to {speed up}.
overtake	quvib o'tmoq	v	/ˌəʊvəˈteɪk/	Don't {overtake} on a bend.
steer	boshqarmoq (rul)	v	/stɪə/	It's hard to {steer} a big truck.
navigate	yo'l topmoq	v	/ˈnævɪɡeɪt/	I use my phone to {navigate} in new cities.
location	joylashuv	n	/ləʊˈkeɪʃn/	The hotel is in a great {location}.
surroundings	atrof	n	/səˈraʊndɪŋz/	The hotel has beautiful {surroundings}.
neighbourhood watch	mahalla qo'riqlash guruhi	n	/ˈneɪbəhʊd wɒtʃ/	Our street has a {neighbourhood watch} group.
facilities	qulayliklar	n	/fəˈsɪlətiz/	The hotel has excellent {facilities}.
entrance fee	kirish to'lovi	n	/ˈentrəns fiː/	The museum {entrance fee} is small.
opening hours	ish vaqti	n	/ˈəʊpnɪŋ aʊəz/	Check the {opening hours} before you go.
brochure	buklet	n	/ˈbrəʊʃə/	Take a {brochure} about the tours.
postcode	pochta indeksi	n	/ˈpəʊstkəʊd/	Write the {postcode} on the envelope.
economy	iqtisodiyot	n	/ɪˈkɒnəmi/	The country's {economy} is growing.
economic	iqtisodiy	adj	/ˌiːkəˈnɒmɪk/	There are serious {economic} problems.
industry	sanoat	n	/ˈɪndəstri/	The car {industry} employs many people.
market price	bozor narxi	n	/ˌmɑːkɪt ˈpraɪs/	The {market price} of gold went up.
budget	byudjet	n	/ˈbʌdʒɪt/	We have a small {budget} for the trip.
expense	xarajat	n	/ɪkˈspens/	Rent is our biggest {expense}.
savings	jamg'arma	n	/ˈseɪvɪŋz/	He spent all his {savings} on a car.
investment	sarmoya	n	/ɪnˈvestmənt/	Buying a flat is a good {investment}.
invest	sarmoya kiritmoq	v	/ɪnˈvest/	They want to {invest} in a new hotel.
interest	foiz (bank)	n	/ˈɪntrəst/	The bank pays 10% {interest}.
mortgage	ipoteka	n	/ˈmɔːɡɪdʒ/	They took a {mortgage} to buy a house.
credit	kredit	n	/ˈkredɪt/	We bought the TV on {credit}.
transaction	tranzaksiya	n	/trænˈzækʃn/	The bank charged me for each {transaction}.
withdraw	yechib olmoq (pul)	v	/wɪðˈdrɔː/	I need to {withdraw} some money.
transfer	o'tkazmoq (pul)	v	/trænsˈfɜː/	I will {transfer} the money tomorrow.
pay back	qaytarib to'lamoq	phrase	/peɪ ˈbæk/	I'll {pay back} the money next week.
save up	pul yig'moq	phrase	/seɪv ˈʌp/	I'm trying to {save up} for a laptop.
go up	oshmoq (narx)	phrase	/ɡəʊ ˈʌp/	Prices {go up} every year.
go down	tushmoq (narx)	phrase	/ɡəʊ ˈdaʊn/	The price of phones may {go down}.
inflation	inflyatsiya	n	/ɪnˈfleɪʃn/	{Inflation} makes everything more expensive.
wages	ish haqi	n	/ˈweɪdʒɪz/	Their {wages} are paid every Friday.
earnings	daromadlar	n	/ˈɜːnɪŋz/	His {earnings} increased last year.
profitable	daromadli	adj	/ˈprɒfɪtəbl/	The café is a {profitable} business.
loss	zarar, yo'qotish	n	/lɒs/	The company made a {loss} this year.
cost of living	yashash narxi	n	/ˌkɒst əv ˈlɪvɪŋ/	The {cost of living} in London is very high.
consumer	iste'molchi	n	/kənˈsjuːmə/	Every {consumer} has the right to a refund.
customer service	mijozlarga xizmat	n	/ˌkʌstəmə ˈsɜːvɪs/	Call {customer service} if you have a problem.
guarantee	kafolat	n	/ˌɡærənˈtiː/	The phone has a two-year {guarantee}.
warranty	kafolat muddati	n	/ˈwɒrənti/	The laptop is still under {warranty}.
special offer	maxsus taklif	n	/ˌspeʃl ˈɒfə/	This week there is a {special offer} on shoes.
second-hand	ishlatilgan	adj	/ˌsekənd ˈhænd/	I bought a {second-hand} bike.
brand-new	yangi (ishlatilmagan)	adj	/ˌbrænd ˈnjuː/	He has a {brand-new} car.
luxury	hashamat	n	/ˈlʌkʃəri/	They live in {luxury}.
affordable	hamyonbop	adj	/əˈfɔːdəbl/	The flats are {affordable} for young families.
overpriced	haddan tashqari qimmat	adj	/ˌəʊvəˈpraɪst/	The food at the airport is {overpriced}.
worth	arzigulik	adj	/wɜːθ/	This film is {worth} seeing.
valuable	qimmatbaho	adj	/ˈvæljuəbl/	Keep your {valuable} things in a safe place.
worthless	qadrsiz	adj	/ˈwɜːθləs/	These old coins are {worthless}.
waste of money	pulni behuda sarflash	phrase	/ˌweɪst əv ˈmʌni/	That phone was a {waste of money}.
haggle	savdolashmoq	v	/ˈhæɡl/	At the bazaar you can {haggle} over the price.
businesswoman	ishbilarmon ayol	n	/ˈbɪznəswʊmən/	My aunt is a successful {businesswoman}.
entrepreneur	tadbirkor	n	/ˌɒntrəprəˈnɜː/	He is a young {entrepreneur}.
start-up	startap	n	/ˈstɑːt ʌp/	She works for a tech {start-up}.
firm	firma	n	/fɜːm/	He works for a law {firm}.
corporation	korporatsiya	n	/ˌkɔːpəˈreɪʃn/	It is a big international {corporation}.
partnership	hamkorlik	n	/ˈpɑːtnəʃɪp/	The two companies formed a {partnership}.
supply	taklif (iqtisod), ta'minot	n	/səˈplaɪ/	There is a good {supply} of fresh water.
demand	talab	n	/dɪˈmɑːnd/	There is a big {demand} for English teachers.
export	eksport qilmoq	v	/ɪkˈspɔːt/	Uzbekistan will {export} cotton and fruit.
import	import qilmoq	v	/ɪmˈpɔːt/	We {import} cars from Korea.
trade	savdo	n	/treɪd/	{Trade} between the two countries is growing.
manufacture	ishlab chiqarmoq	v	/ˌmænjuˈfæktʃə/	They {manufacture} cars in Asaka.
distribute	tarqatmoq	v	/dɪˈstrɪbjuːt/	Volunteers {distribute} food to poor families.
advertise	reklama qilmoq	v	/ˈædvətaɪz/	They {advertise} their products on TV.
marketing	marketing	n	/ˈmɑːkɪtɪŋ/	She works in {marketing}.
sales	savdo (bo'lim)	n	/seɪlz/	He works in {sales}.
logo	logotip	n	/ˈləʊɡəʊ/	The company has a new {logo}.
slogan	shior	n	/ˈsləʊɡən/	I remember the {slogan} from the advert.
invoice	hisob-faktura	n	/ˈɪnvɔɪs/	Please send us an {invoice}.
payment	to'lov	n	/ˈpeɪmənt/	We received your {payment}.
fee	to'lov (xizmat uchun)	n	/fiː/	The course {fee} is 500,000 som.
cash desk	kassa	n	/ˈkæʃ desk/	Pay at the {cash desk}.
banknote	banknot	n	/ˈbæŋknəʊt/	He gave me a 100,000 som {banknote}.
contactless	kontaktsiz	adj	/ˈkɒntæktləs/	You can pay with a {contactless} card.
PIN	PIN-kod	n	/pɪn/	Enter your {PIN}.
statement	hisob ko'chirmasi	n	/ˈsteɪtmənt/	Check your bank {statement} every month.
balance	qoldiq (hisobda)	n	/ˈbæləns/	What is the {balance} on my card?
debit card	debet karta	n	/ˈdebɪt kɑːd/	I paid with my {debit card}.
cheque	chek (bank)	n	/tʃek/	He paid by {cheque}.
wholesale	ulgurji	adj	/ˈhəʊlseɪl/	They buy at {wholesale} prices.
retail	chakana	adj	/ˈriːteɪl/	She works in a {retail} shop.
shopkeeper	do'kondor	n	/ˈʃɒpkiːpə/	The {shopkeeper} gave me a discount.
stall	rasta, do'kon (bozor)	n	/stɔːl/	She sells fruit at a market {stall}.
vendor	sotuvchi	n	/ˈvendə/	A street {vendor} sold us hot samsa.
acquire	egallamoq, qo'lga kiritmoq	v	/əˈkwaɪə/	Children {acquire} languages quickly.
adapt	moslashmoq	v	/əˈdæpt/	It takes time to {adapt} to a new country.
adjust	sozlamoq, moslashtirmoq	v	/əˈdʒʌst/	You can {adjust} the height of the chair.
admit	tan olmoq	v	/ədˈmɪt/	He didn't want to {admit} his mistake.
affect	ta'sir qilmoq	v	/əˈfekt/	The weather can {affect} your mood.
approve	ma'qullamoq	v	/əˈpruːv/	My parents don't {approve} of my plan.
arrange	tashkil qilmoq, tartiblamoq	v	/əˈreɪndʒ/	Let's {arrange} a meeting for Monday.
assume	taxmin qilmoq	v	/əˈsjuːm/	I {assume} you are hungry.
attract	jalb qilmoq	v	/əˈtrækt/	The festival will {attract} many tourists.
beg	yolvormoq	v	/beɡ/	I {beg} you, please help me.
bend	egilmoq	v	/bend/	{Bend} your knees when you lift heavy things.
bother	bezovta qilmoq	v	/ˈbɒðə/	Sorry to {bother} you, but can you help me?
bury	ko'mmoq	v	/ˈberi/	The dog likes to {bury} bones in the garden.
claim	da'vo qilmoq	v	/kleɪm/	He likes to {claim} that he met the president.
combine	birlashtirmoq	v	/kəmˈbaɪn/	{Combine} the flour and the sugar.
concern	tashvishga solmoq	v	/kənˈsɜːn/	The results {concern} the teachers.
confirm	tasdiqlamoq	v	/kənˈfɜːm/	Please {confirm} your booking by email.
confuse	chalkashtirmoq	v	/kənˈfjuːz/	Don't {confuse} "their" and "there".
connect	ulamoq	v	/kəˈnekt/	{Connect} your phone to the Wi-Fi.
consider	o'ylab ko'rmoq	v	/kənˈsɪdə/	Please {consider} my offer.
consist of	iborat bo'lmoq	phrase	/kənˈsɪst əv/	The team will {consist of} five players.
contact	bog'lanmoq	v	/ˈkɒntækt/	Please {contact} us for more information.
convince	ishontirmoq	v	/kənˈvɪns/	I tried to {convince} him to come.
cope	eplamoq	v	/kəʊp/	How do you {cope} with stress?
dare	jur'at qilmoq	v	/deə/	I don't {dare} to tell her the truth.
deny	inkor qilmoq	v	/dɪˈnaɪ/	He will {deny} everything.
design	loyihalamoq	v	/dɪˈzaɪn/	She will {design} our new website.
determine	aniqlamoq	v	/dɪˈtɜːmɪn/	Tests will {determine} the cause of the illness.
disagree	rozi bo'lmaslik	v	/ˌdɪsəˈɡriː/	I {disagree} with you.
disappoint	hafsalasini pir qilmoq	v	/ˌdɪsəˈpɔɪnt/	I don't want to {disappoint} my parents.
dislike	yoqtirmaslik	v	/dɪsˈlaɪk/	I {dislike} cold weather.
divide	bo'lmoq (qismlarga)	v	/dɪˈvaɪd/	{Divide} the cake into eight pieces.
doubt	shubhalanmoq	v	/daʊt/	I {doubt} he will come.
earn a living	tirikchilik qilmoq	phrase	/ˌɜːn ə ˈlɪvɪŋ/	He works hard to {earn a living}.
emphasise	ta'kidlamoq	v	/ˈemfəsaɪz/	The teacher likes to {emphasise} the main points.
estimate	baholamoq (taxminan)	v	/ˈestɪmeɪt/	Can you {estimate} the cost?
exaggerate	oshirib yubormoq	v	/ɪɡˈzædʒəreɪt/	Don't {exaggerate}, it wasn't that bad.
expand	kengaytirmoq	v	/ɪkˈspænd/	The company plans to {expand} next year.
explode	portlamoq	v	/ɪkˈspləʊd/	The bomb didn't {explode}.
express	ifoda etmoq	v	/ɪkˈspres/	It's hard to {express} my feelings in English.
fetch	olib kelmoq	v	/fetʃ/	Can you {fetch} my glasses from the table?
fill out	to'ldirmoq (anketa)	phrase	/fɪl ˈaʊt/	Please {fill out} this form.
forbid	man qilmoq	v	/fəˈbɪd/	My parents {forbid} me to stay out late.
gain	qo'lga kiritmoq	v	/ɡeɪn/	You will {gain} experience in this job.
get rid of	qutulmoq	phrase	/ɡet ˈrɪd əv/	I want to {get rid of} these old clothes.
handle	uddalamoq	v	/ˈhændl/	She can {handle} difficult customers.
hesitate	ikkilanmoq	v	/ˈhezɪteɪt/	Don't {hesitate} to ask questions.
identify	aniqlamoq	v	/aɪˈdentɪfaɪ/	Can you {identify} the man in the photo?
ignore	e'tiborsiz qoldirmoq	v	/ɪɡˈnɔː/	Don't {ignore} the problem.
impress	taassurot qoldirmoq	v	/ɪmˈpres/	She wanted to {impress} her new boss.
indicate	ko'rsatmoq	v	/ˈɪndɪkeɪt/	The arrows {indicate} the way out.
influence	ta'sir ko'rsatmoq	v	/ˈɪnfluəns/	Friends can {influence} your choices.
inform	xabardor qilmoq	v	/ɪnˈfɔːm/	Please {inform} us if you can't come.
inspire	ilhomlantirmoq	v	/ɪnˈspaɪə/	Good teachers {inspire} their students.
intend	niyat qilmoq	v	/ɪnˈtend/	I {intend} to study abroad.
interrupt	gapini bo'lmoq	v	/ˌɪntəˈrʌpt/	Please don't {interrupt} me.
involve	jalb qilmoq	v	/ɪnˈvɒlv/	The project will {involve} all the students.
justify	oqlamoq	v	/ˈdʒʌstɪfaɪ/	How can you {justify} the price?
maintain	saqlamoq, qo'llab turmoq	v	/meɪnˈteɪn/	It's hard to {maintain} a healthy diet.
mend	tuzatmoq, yamoq	v	/mend/	Can you {mend} my jeans?
motivate	rag'batlantirmoq	v	/ˈməʊtɪveɪt/	Good grades {motivate} students.
object	e'tiroz bildirmoq	v	/əbˈdʒekt/	Does anyone {object} to the plan?
observe	kuzatmoq	v	/əbˈzɜːv/	Scientists {observe} the stars at night.
obtain	olmoq, erishmoq	v	/əbˈteɪn/	You must {obtain} a visa first.
occur	sodir bo'lmoq	v	/əˈkɜː/	Earthquakes often {occur} in Japan.
operate	ishlatmoq, jarrohlik qilmoq	v	/ˈɒpəreɪt/	Can you {operate} this machine?
oppose	qarshi chiqmoq	v	/əˈpəʊz/	Many people {oppose} the new law.
persuade	ko'ndirmoq	v	/pəˈsweɪd/	I tried to {persuade} my dad to buy a dog.
predict	bashorat qilmoq	v	/prɪˈdɪkt/	Nobody can {predict} the future.
pronounce	talaffuz qilmoq	v	/prəˈnaʊns/	How do you {pronounce} this word?
prove	isbotlamoq	v	/pruːv/	Can you {prove} it?
provide	ta'minlamoq	v	/prəˈvaɪd/	The school will {provide} lunch.
recommend	tavsiya qilmoq	v	/ˌrekəˈmend/	Can you {recommend} a good book?
refer to	murojaat qilmoq, nazarda tutmoq	phrase	/rɪˈfɜː tuː/	Please {refer to} the dictionary.
reflect	aks ettirmoq	v	/rɪˈflekt/	The lake will {reflect} the mountains.
regret	afsuslanmoq	v	/rɪˈɡret/	I {regret} not studying harder.
reject	rad etmoq	v	/rɪˈdʒekt/	The company may {reject} my application.
release	chiqarmoq, ozod qilmoq	v	/rɪˈliːs/	The band will {release} a new album.
rely	tayanmoq	v	/rɪˈlaɪ/	You can {rely} on me.
replace	almashtirmoq	v	/rɪˈpleɪs/	We need to {replace} the old windows.
represent	vakillik qilmoq	v	/ˌreprɪˈzent/	She will {represent} our school.
require	talab qilmoq	v	/rɪˈkwaɪə/	This job will {require} a lot of patience.
reserve	band qilmoq	v	/rɪˈzɜːv/	I'd like to {reserve} a table for two.
resist	qarshilik qilmoq	v	/rɪˈzɪst/	I can't {resist} chocolate.
reveal	oshkor qilmoq	v	/rɪˈviːl/	He refused to {reveal} his secret.
rush	shoshilmoq	v	/rʌʃ/	Don't {rush}, we have time.
satisfy	qoniqtirmoq	v	/ˈsætɪsfaɪ/	It's hard to {satisfy} everyone.
scare	qo'rqitmoq	v	/skeə/	Don't {scare} the baby!
select	tanlamoq	v	/sɪˈlekt/	{Select} the correct answer.
separate	ajratmoq	v	/ˈsepəreɪt/	{Separate} the eggs.
settle	joylashmoq	v	/ˈsetl/	They decided to {settle} in Tashkent.
shrink	kichraymoq	v	/ʃrɪŋk/	My sweater will {shrink} in hot water.
sort out	hal qilmoq, tartiblamoq	phrase	/sɔːt ˈaʊt/	We need to {sort out} this problem.
split	bo'lishmoq	v	/splɪt/	Let's {split} the bill.
struggle	kurashmoq, qiynalmoq	v	/ˈstrʌɡl/	Many students {struggle} with grammar.
suppose	taxmin qilmoq	v	/səˈpəʊz/	I {suppose} you're right.
surround	o'rab olmoq	v	/səˈraʊnd/	Mountains {surround} the village.
swap	almashmoq	v	/swɒp/	Can we {swap} seats?
tend	moyil bo'lmoq	v	/tend/	I {tend} to wake up early.
threaten	tahdid qilmoq	v	/ˈθretn/	The storm will {threaten} the coast.
tolerate	toqat qilmoq	v	/ˈtɒləreɪt/	I can't {tolerate} noise when I work.
transform	o'zgartirmoq	v	/trænsˈfɔːm/	The new park will {transform} the area.
unite	birlashtirmoq	v	/juˈnaɪt/	Music can {unite} people.
urge	undamoq	v	/ɜːdʒ/	I {urge} you to see a doctor.
vary	farq qilmoq	v	/ˈveəri/	Prices {vary} from shop to shop.
weigh	tortmoq (vazn)	v	/weɪ/	How much do you {weigh}?
yell	baqirmoq	v	/jel/	Don't {yell} at the children.
accurate	aniq	adj	/ˈækjərət/	The weather forecast was {accurate}.
adequate	yetarli	adj	/ˈædɪkwət/	The food was {adequate} but not great.
alternative	muqobil	adj	/ɔːlˈtɜːnətɪv/	We need an {alternative} plan.
annual	yillik	adj	/ˈænjuəl/	The {annual} festival takes place in May.
apparent	ravshan	adj	/əˈpærənt/	It was {apparent} that he was tired.
appropriate	mos, munosib	adj	/əˈprəʊpriət/	Jeans are not {appropriate} for the office.
approximate	taxminiy	adj	/əˈprɒksɪmət/	What is the {approximate} cost?
artificial	sun'iy	adj	/ˌɑːtɪˈfɪʃl/	These flowers are {artificial}.
automatic	avtomatik	adj	/ˌɔːtəˈmætɪk/	The doors are {automatic}.
aware	xabardor	adj	/əˈweə/	Are you {aware} of the problem?
basic	asosiy, oddiy	adj	/ˈbeɪsɪk/	I know some {basic} Spanish.
brief	qisqa	adj	/briːf/	He gave a {brief} answer.
brilliant	ajoyib	adj	/ˈbrɪliənt/	What a {brilliant} idea!
capable	qodir	adj	/ˈkeɪpəbl/	She is {capable} of doing better.
casual	oddiy, erkin (kiyim)	adj	/ˈkæʒuəl/	I wear {casual} clothes at the weekend.
certain	aniq, ishonchli	adj	/ˈsɜːtn/	I'm {certain} that he will come.
challenging	murakkab, qiyin	adj	/ˈtʃælɪndʒɪŋ/	The new job is {challenging} but interesting.
chilly	salqin, sovuq	adj	/ˈtʃɪli/	It's a bit {chilly} this morning.
complicated	murakkab	adj	/ˈkɒmplɪkeɪtɪd/	The instructions are too {complicated}.
considerable	sezilarli	adj	/kənˈsɪdərəbl/	There was a {considerable} change in prices.
constant	doimiy	adj	/ˈkɒnstənt/	The {constant} noise gave me a headache.
convenient	qulay	adj	/kənˈviːniənt/	Is Monday {convenient} for you?
critical	muhim, tanqidiy	adj	/ˈkrɪtɪkl/	This is a {critical} moment.
crucial	hal qiluvchi	adj	/ˈkruːʃl/	Sleep is {crucial} for good health.
dull	zerikarli, xira	adj	/dʌl/	The film was a bit {dull}.
eager	ishtiyoqmand	adj	/ˈiːɡə/	She is {eager} to learn.
effective	samarali	adj	/ɪˈfektɪv/	This medicine is very {effective}.
enormous	ulkan	adj	/ɪˈnɔːməs/	They live in an {enormous} house.
entire	butun	adj	/ɪnˈtaɪə/	I spent the {entire} day in bed.
essential	juda zarur	adj	/ɪˈsenʃl/	Water is {essential} for life.
eventual	yakuniy	adj	/ɪˈventʃuəl/	The {eventual} winner was a young girl.
evident	aniq-ravshan	adj	/ˈevɪdənt/	It was {evident} that she was upset.
exact	aniq	adj	/ɪɡˈzækt/	What's the {exact} time?
excessive	haddan tashqari	adj	/ɪkˈsesɪv/	{Excessive} sugar is bad for you.
exhausting	charchatuvchi	adj	/ɪɡˈzɔːstɪŋ/	The journey was {exhausting}.
familiar	tanish	adj	/fəˈmɪliə/	Your face looks {familiar}.
fascinating	maftunkor	adj	/ˈfæsɪneɪtɪŋ/	The museum was {fascinating}.
fortunate	omadli	adj	/ˈfɔːtʃənət/	We are {fortunate} to have good teachers.
frequent	tez-tez bo'ladigan	adj	/ˈfriːkwənt/	There are {frequent} buses to the airport.
genuine	haqiqiy	adj	/ˈdʒenjuɪn/	Is this a {genuine} leather bag?
gradual	asta-sekin	adj	/ˈɡrædʒuəl/	There was a {gradual} improvement.
hopeful	umidvor	adj	/ˈhəʊpfl/	I'm {hopeful} about the future.
hopeless	umidsiz	adj	/ˈhəʊpləs/	I'm {hopeless} at maths.
identical	aynan bir xil	adj	/aɪˈdentɪkl/	The twins are {identical}.
immediate	darhol	adj	/ɪˈmiːdiət/	We need an {immediate} answer.
impressive	ta'sirli	adj	/ɪmˈpresɪv/	Her English is very {impressive}.
inappropriate	nomaqbul	adj	/ˌɪnəˈprəʊpriət/	His joke was {inappropriate}.
inconvenient	noqulay	adj	/ˌɪnkənˈviːniənt/	Is this an {inconvenient} time to call?
inevitable	muqarrar	adj	/ɪnˈevɪtəbl/	Change is {inevitable}.
informal	norasmiy	adj	/ɪnˈfɔːml/	The meeting was quite {informal}.
initial	dastlabki	adj	/ɪˈnɪʃl/	My {initial} reaction was surprise.
intelligent	aqlli	adj	/ɪnˈtelɪdʒənt/	Dolphins are very {intelligent} animals.
intense	shiddatli	adj	/ɪnˈtens/	The heat was {intense}.
irritating	jig'ibiyron qiladigan	adj	/ˈɪrɪteɪtɪŋ/	That noise is really {irritating}.
lack	yetishmaslik	n	/læk/	The plants died because of a {lack} of water.
likely	ehtimoli bor	adj	/ˈlaɪkli/	It's {likely} to rain tomorrow.
unlikely	ehtimoldan yiroq	adj	/ʌnˈlaɪkli/	It's {unlikely} that he will come.
logical	mantiqiy	adj	/ˈlɒdʒɪkl/	That's a {logical} answer.
major	asosiy, katta	adj	/ˈmeɪdʒə/	Traffic is a {major} problem in big cities.
minor	kichik, ahamiyatsiz	adj	/ˈmaɪnə/	It's only a {minor} problem.
multiple	ko'p sonli	adj	/ˈmʌltɪpl/	The test has {multiple} choice questions.
negative	salbiy	adj	/ˈneɡətɪv/	Don't be so {negative}.
positive	ijobiy	adj	/ˈpɒzətɪv/	She has a {positive} attitude.
obvious	ochiq-oydin	adj	/ˈɒbviəs/	The answer is {obvious}.
occasional	vaqti-vaqti bilan bo'ladigan	adj	/əˈkeɪʒənl/	We have the {occasional} storm in spring.
outstanding	ajoyib, a'lo	adj	/aʊtˈstændɪŋ/	She is an {outstanding} student.
particular	aniq, alohida	adj	/pəˈtɪkjələ/	Is there a {particular} book you want?
potential	potensial	adj	/pəˈtenʃl/	We talked to {potential} customers.
practical	amaliy	adj	/ˈpræktɪkl/	We need a {practical} solution.
precious	qimmatli	adj	/ˈpreʃəs/	Time is {precious}.
precise	aniq	adj	/prɪˈsaɪs/	Give me the {precise} address.
previous	oldingi	adj	/ˈpriːviəs/	I met him on a {previous} visit.
primary	boshlang'ich, asosiy	adj	/ˈpraɪməri/	My sister goes to {primary} school.
rare	noyob	adj	/reə/	This is a {rare} plant.
recent	yaqindagi	adj	/ˈriːsnt/	Have you seen his {recent} photos?
relevant	tegishli	adj	/ˈreləvənt/	Your answer is not {relevant} to the question.
remarkable	ajoyib, e'tiborga molik	adj	/rɪˈmɑːkəbl/	She made {remarkable} progress.
reverse	teskari	adj	/rɪˈvɜːs/	Read the list in {reverse} order.
ridiculous	kulgili, bema'ni	adj	/rɪˈdɪkjələs/	That's a {ridiculous} idea.
secure	xavfsiz	adj	/sɪˈkjʊə/	Keep your password {secure}.
severe	jiddiy, qattiq	adj	/sɪˈvɪə/	There was a {severe} storm last night.
significant	muhim	adj	/sɪɡˈnɪfɪkənt/	This is a {significant} discovery.
sincere	samimiy	adj	/sɪnˈsɪə/	Please accept my {sincere} apologies.
slight	ozgina	adj	/slaɪt/	I have a {slight} headache.
sophisticated	murakkab, zamonaviy	adj	/səˈfɪstɪkeɪtɪd/	This is a very {sophisticated} phone.
spare	ortiqcha, zaxira	adj	/speə/	Do you have a {spare} pen?
specific	aniq	adj	/spəˈsɪfɪk/	Can you be more {specific}?
steady	barqaror	adj	/ˈstedi/	He has a {steady} job.
suitable	mos	adj	/ˈsuːtəbl/	This film isn't {suitable} for children.
superb	a'lo	adj	/suːˈpɜːb/	The food was {superb}.
suspicious	shubhali	adj	/səˈspɪʃəs/	The police found a {suspicious} bag.
tiring	charchatadigan	adj	/ˈtaɪərɪŋ/	It was a {tiring} day.
tremendous	ulkan	adj	/trəˈmendəs/	We had a {tremendous} time.
typical	odatiy	adj	/ˈtɪpɪkl/	It was a {typical} day at school.
unexpected	kutilmagan	adj	/ˌʌnɪkˈspektɪd/	We had an {unexpected} visitor.
unique	noyob, yagona	adj	/juˈniːk/	Every person is {unique}.
urgent	shoshilinch	adj	/ˈɜːdʒənt/	This is an {urgent} message.
valid	amaldagi, haqiqiy	adj	/ˈvælɪd/	Is your passport still {valid}?
various	turli	adj	/ˈveəriəs/	The shop sells {various} kinds of tea.
vast	keng, ulkan	adj	/vɑːst/	The desert is {vast}.
visible	ko'rinadigan	adj	/ˈvɪzəbl/	The mountains are {visible} from here.
vital	hayotiy muhim	adj	/ˈvaɪtl/	Exercise is {vital} for health.
willing	tayyor, rozi	adj	/ˈwɪlɪŋ/	Are you {willing} to help?
worthwhile	arzigulik	adj	/ˌwɜːθˈwaɪl/	Learning English is {worthwhile}.
absolutely	mutlaqo	adv	/ˈæbsəluːtli/	You are {absolutely} right.
accidentally	tasodifan	adv	/ˌæksɪˈdentəli/	I {accidentally} deleted the file.
additionally	qo'shimcha ravishda	adv	/əˈdɪʃənəli/	{Additionally}, the hotel has a pool.
apparently	aftidan	adv	/əˈpærəntli/	{Apparently}, the shop is closed today.
approximately	taxminan	adv	/əˈprɒksɪmətli/	The trip takes {approximately} two hours.
basically	asosan	adv	/ˈbeɪsɪkli/	{Basically}, it's a very simple game.
briefly	qisqacha	adv	/ˈbriːfli/	Tell me {briefly} what happened.
clearly	aniq	adv	/ˈklɪəli/	Please speak {clearly}.
completely	butunlay	adv	/kəmˈpliːtli/	I {completely} forgot about the meeting.
constantly	doim	adv	/ˈkɒnstəntli/	He is {constantly} on his phone.
currently	hozirgi vaqtda	adv	/ˈkʌrəntli/	She is {currently} working in Dubai.
deliberately	ataylab	adv	/dɪˈlɪbərətli/	He broke the window {deliberately}.
directly	to'g'ridan-to'g'ri	adv	/dəˈrektli/	Speak {directly} to the manager.
entirely	to'liq	adv	/ɪnˈtaɪəli/	I {entirely} agree with you.
equally	teng	adv	/ˈiːkwəli/	Share the sweets {equally}.
eventually	oxir-oqibat	adv	/ɪˈventʃuəli/	We {eventually} found the hotel.
frankly	ochig'ini aytganda	adv	/ˈfræŋkli/	{Frankly}, I didn't like the film.
frequently	tez-tez	adv	/ˈfriːkwəntli/	He {frequently} travels abroad.
fully	to'liq	adv	/ˈfʊli/	The hotel is {fully} booked.
generally	umuman olganda	adv	/ˈdʒenrəli/	{Generally}, I go to bed early.
gently	muloyimlik bilan	adv	/ˈdʒentli/	Hold the baby {gently}.
gradually	asta-sekin	adv	/ˈɡrædʒuəli/	My English is {gradually} improving.
highly	juda, yuqori darajada	adv	/ˈhaɪli/	I {highly} recommend this book.
honestly	rostini aytsam	adv	/ˈɒnɪstli/	{Honestly}, I don't know.
hopefully	umid qilamanki	adv	/ˈhəʊpfəli/	{Hopefully}, it will be sunny tomorrow.
increasingly	tobora	adv	/ɪnˈkriːsɪŋli/	English is {increasingly} important.
initially	dastlab	adv	/ɪˈnɪʃəli/	{Initially}, I didn't like the city.
largely	asosan	adv	/ˈlɑːdʒli/	The problem is {largely} solved.
mainly	asosan	adv	/ˈmeɪnli/	The students are {mainly} from Tashkent.
merely	shunchaki	adv	/ˈmɪəli/	It was {merely} a joke.
nevertheless	shunga qaramay	adv	/ˌnevəðəˈles/	It was raining. {Nevertheless}, we went out.
occasionally	ba'zan	adv	/əˈkeɪʒənəli/	We {occasionally} eat out.
officially	rasman	adv	/əˈfɪʃəli/	The new bridge opens {officially} tomorrow.
originally	aslida, dastlab	adv	/əˈrɪdʒənəli/	He is {originally} from Khorezm.
particularly	ayniqsa	adv	/pəˈtɪkjələli/	I {particularly} like the ending.
partly	qisman	adv	/ˈpɑːtli/	It was {partly} my fault.
personally	shaxsan	adv	/ˈpɜːsənəli/	{Personally}, I prefer tea.
possibly	ehtimol	adv	/ˈpɒsəbli/	He will {possibly} come tomorrow.
previously	ilgari	adv	/ˈpriːviəsli/	I {previously} worked in a bank.
properly	to'g'ri, lozim darajada	adv	/ˈprɒpəli/	Do your homework {properly}.
rapidly	tez sur'atda	adv	/ˈræpɪdli/	The city is growing {rapidly}.
regularly	muntazam	adv	/ˈreɡjələli/	I exercise {regularly}.
relatively	nisbatan	adv	/ˈrelətɪvli/	The test was {relatively} easy.
roughly	taxminan	adv	/ˈrʌfli/	There were {roughly} fifty people.
seriously	jiddiy	adv	/ˈsɪəriəsli/	Are you {seriously} going to eat all that?
significantly	sezilarli darajada	adv	/sɪɡˈnɪfɪkəntli/	Prices have risen {significantly}.
similarly	xuddi shunday	adv	/ˈsɪmələli/	{Similarly}, the second test was easy.
slightly	biroz	adv	/ˈslaɪtli/	I feel {slightly} better today.
specifically	aniq, maxsus	adv	/spəˈsɪfɪkli/	The book is {specifically} for beginners.
strongly	qattiq	adv	/ˈstrɒŋli/	I {strongly} disagree.
successfully	muvaffaqiyatli	adv	/səkˈsesfəli/	She {successfully} passed the exam.
surprisingly	ajablanarlisi	adv	/səˈpraɪzɪŋli/	{Surprisingly}, the test was easy.
therefore	shuning uchun	adv	/ˈðeəfɔː/	It was late; {therefore}, we took a taxi.
thus	shunday qilib	adv	/ðʌs/	He studied hard, and {thus} passed.
truly	chin dildan	adv	/ˈtruːli/	I am {truly} sorry.
typically	odatda	adv	/ˈtɪpɪkli/	{Typically}, I get up at seven.
ultimately	oxir-oqibat	adv	/ˈʌltɪmətli/	{Ultimately}, it's your choice.
unexpectedly	kutilmaganda	adv	/ˌʌnɪkˈspektɪdli/	He arrived {unexpectedly}.
virtually	deyarli	adv	/ˈvɜːtʃuəli/	The town was {virtually} empty.
widely	keng	adv	/ˈwaɪdli/	English is {widely} spoken.
furthermore	bundan tashqari	adv	/ˌfɜːðəˈmɔː/	{Furthermore}, the course is free.
moreover	bundan tashqari	adv	/mɔːrˈəʊvə/	The flat is cheap. {Moreover}, it's near the metro.
whereas	holbuki	conj	/weərˈæz/	I like tea, {whereas} my wife likes coffee.
despite	…ga qaramay	prep	/dɪˈspaɪt/	We went out {despite} the rain.
in spite of	…ga qaramay	prep	/ɪn ˈspaɪt əv/	He came to work {in spite of} his cold.
as long as	…sa bo'ldi	conj	/əz ˈlɒŋ əz/	You can go out {as long as} you're home by ten.
as soon as	…ishi bilanoq	conj	/əz ˈsuːn əz/	Call me {as soon as} you arrive.
as well as	shuningdek	prep	/əz ˈwel əz/	She speaks French {as well as} English.
even though	garchi …sa ham	conj	/ˌiːvn ˈðəʊ/	He went to school {even though} he was ill.
in order to	…ish uchun	conj	/ɪn ˈɔːdə tuː/	I study hard {in order to} pass the exam.
so that	…ishi uchun	conj	/ˈsəʊ ðæt/	Speak slowly {so that} everyone understands.
provided that	…sharti bilan	conj	/prəˈvaɪdɪd ðæt/	You can borrow it {provided that} you bring it back.
on the other hand	boshqa tomondan	phrase	/ɒn ði ˈʌðə hænd/	It's cheap. {On the other hand}, it's far away.
in addition	bundan tashqari	phrase	/ɪn əˈdɪʃn/	{In addition}, we offer free Wi-Fi.
for instance	masalan	phrase	/fər ˈɪnstəns/	Some fruit, {for instance} lemons, is sour.
in fact	aslida	phrase	/ɪn ˈfækt/	He's not American; {in fact}, he's British.
in general	umuman olganda	phrase	/ɪn ˈdʒenrəl/	{In general}, people here are friendly.
as a result	natijada	phrase	/əz ə rɪˈzʌlt/	He didn't study. {As a result}, he failed.
in conclusion	xulosa qilib aytganda	phrase	/ɪn kənˈkluːʒn/	{In conclusion}, exercise is good for you.
according to	…ga ko'ra	prep	/əˈkɔːdɪŋ tuː/	{According to} the news, it will snow.
due to	…tufayli	prep	/ˈdjuː tuː/	The flight was late {due to} fog.
apart from	…dan tashqari	prep	/əˈpɑːt frəm/	Everyone came {apart from} Ali.
beside	yonida	prep	/bɪˈsaɪd/	Sit {beside} me.
besides	bundan tashqari	adv	/bɪˈsaɪdz/	I don't want to go. {Besides}, it's late.
beyond	narigi tomonida	prep	/bɪˈjɒnd/	The village is {beyond} the hills.
towards	tomon	prep	/təˈwɔːdz/	He walked {towards} the door.
throughout	davomida, bo'ylab	prep	/θruːˈaʊt/	It rained {throughout} the day.
within	ichida (vaqt, joy)	prep	/wɪˈðɪn/	Please reply {within} three days.
upon	ustida	prep	/əˈpɒn/	Once {upon} a time there lived a king.
regarding	…ga oid	prep	/rɪˈɡɑːdɪŋ/	I'm writing {regarding} your letter.
come across	tasodifan duch kelmoq	phrase	/kʌm əˈkrɒs/	I {come across} new words every day.
come up with	o'ylab topmoq	phrase	/kʌm ˈʌp wɪð/	Can you {come up with} a better idea?
figure out	tushunib olmoq	phrase	/ˈfɪɡər aʊt/	I can't {figure out} this puzzle.
point out	ko'rsatib o'tmoq	phrase	/pɔɪnt ˈaʊt/	Thank you for helping to {point out} my mistake.
turn out	ma'lum bo'lmoq	phrase	/tɜːn ˈaʊt/	The test may {turn out} to be easy.
end up	oxiri borib …bo'lmoq	phrase	/end ˈʌp/	If you don't study, you'll {end up} failing.
put off	kechiktirmoq	phrase	/pʊt ˈɒf/	Don't {put off} your homework.
call off	bekor qilmoq	phrase	/kɔːl ˈɒf/	They had to {call off} the match.
carry on	davom ettirmoq	phrase	/ˈkæri ɒn/	{Carry on} reading, please.
look forward to	intiqlik bilan kutmoq	phrase	/lʊk ˈfɔːwəd tuː/	I {look forward to} seeing you.
run into	tasodifan uchratmoq	phrase	/rʌn ˈɪntuː/	I often {run into} old friends at the market.
put up with	chidamoq	phrase	/pʊt ˈʌp wɪð/	I can't {put up with} this noise.
look into	o'rganib chiqmoq	phrase	/lʊk ˈɪntuː/	The police will {look into} the case.
make out	ajratmoq (ko'rib)	phrase	/meɪk ˈaʊt/	I can't {make out} what he is saying.
take up	shug'ullana boshlamoq	phrase	/teɪk ˈʌp/	I want to {take up} tennis.
give away	tekinga bermoq	phrase	/ɡɪv əˈweɪ/	She decided to {give away} her old clothes.
go through	boshdan kechirmoq	phrase	/ɡəʊ ˈθruː/	She had to {go through} a difficult time.
hand out	tarqatmoq	phrase	/hænd ˈaʊt/	The teacher will {hand out} the tests.
keep on	davom ettirmoq	phrase	/kiːp ˈɒn/	{Keep on} trying!
let down	umidini puchga chiqarmoq	phrase	/let ˈdaʊn/	Don't {let down} your team.
pass on	yetkazmoq	phrase	/pɑːs ˈɒn/	Please {pass on} my message to Ali.
show off	maqtanmoq	phrase	/ʃəʊ ˈɒf/	He likes to {show off} his new car.
stand for	anglatmoq	phrase	/ˈstænd fɔː/	What does "UN" {stand for}?
take part in	qatnashmoq	phrase	/teɪk ˈpɑːt ɪn/	Ten schools will {take part in} the competition.
think over	o'ylab ko'rmoq	phrase	/θɪŋk ˈəʊvə/	I need to {think over} your offer.
turn into	aylanmoq	phrase	/tɜːn ˈɪntuː/	Water will {turn into} ice below zero.
wear out	eskirmoq, charchatmoq	phrase	/weər ˈaʊt/	Children's shoes {wear out} quickly.
blow up	portlatmoq, puflamoq	phrase	/bləʊ ˈʌp/	Let's {blow up} the balloons.
bring back	qaytarib olib kelmoq	phrase	/brɪŋ ˈbæk/	Please {bring back} my book tomorrow.
cut off	uzib qo'ymoq	phrase	/kʌt ˈɒf/	They will {cut off} the electricity if we don't pay.
fall behind	orqada qolmoq	phrase	/fɔːl bɪˈhaɪnd/	If you miss lessons, you will {fall behind}.
get along	kelishib yashamoq	phrase	/ɡet əˈlɒŋ/	My cat and dog {get along} well.
go ahead	boshlayvermoq	phrase	/ɡəʊ əˈhed/	{Go ahead}, ask your question.
hold up	ushlab qolmoq, kechiktirmoq	phrase	/həʊld ˈʌp/	Traffic may {hold up} the bus.
leave out	tushirib qoldirmoq	phrase	/liːv ˈaʊt/	Don't {leave out} any details.
look out	ehtiyot bo'lmoq	phrase	/lʊk ˈaʊt/	{Look out}! A car is coming!
make sure	ishonch hosil qilmoq	phrase	/meɪk ˈʃʊə/	{Make sure} you lock the door.
pick out	tanlab olmoq	phrase	/pɪk ˈaʊt/	Help me {pick out} a dress.
put out	o'chirmoq (olov)	phrase	/pʊt ˈaʊt/	Firefighters {put out} the fire.
run away	qochib ketmoq	phrase	/rʌn əˈweɪ/	The dog tried to {run away}.
stay up	uxlamay o'tirmoq	phrase	/steɪ ˈʌp/	I {stay up} late on Fridays.
switch off	o'chirmoq	phrase	/swɪtʃ ˈɒf/	{Switch off} your phones, please.
take care of	g'amxo'rlik qilmoq	phrase	/teɪk ˈkeər əv/	I {take care of} my little brother.
aim	maqsad	n	/eɪm/	My {aim} is to speak English fluently.
purpose	maqsad	n	/ˈpɜːpəs/	What is the {purpose} of your visit?
intention	niyat	n	/ɪnˈtenʃn/	I have no {intention} of leaving.
ambition	orzu, intilish	n	/æmˈbɪʃn/	Her {ambition} is to become a doctor.
progress	yutuq, taraqqiyot	n	/ˈprəʊɡres/	You are making good {progress}.
improvement	yaxshilanish	n	/ɪmˈpruːvmənt/	There is a big {improvement} in your writing.
advance	ilgarilash	n	/ədˈvɑːns/	This is a great {advance} in medicine.
failure	muvaffaqiyatsizlik	n	/ˈfeɪljə/	{Failure} teaches us important lessons.
challenge	sinov, qiyinchilik	n	/ˈtʃælɪndʒ/	Learning Chinese is a real {challenge}.
difficulty	qiyinchilik	n	/ˈdɪfɪkəlti/	I had {difficulty} finding the hotel.
obstacle	to'siq	n	/ˈɒbstəkl/	Lack of money is the main {obstacle}.
risk	xavf, tavakkal	n	/rɪsk/	There is a {risk} of rain today.
disadvantage	kamchilik	n	/ˌdɪsədˈvɑːntɪdʒ/	The only {disadvantage} is the price.
effect	ta'sir	n	/ɪˈfekt/	The medicine had a good {effect}.
impact	ta'sir	n	/ˈɪmpækt/	Social media has a big {impact} on teenagers.
factor	omil	n	/ˈfæktə/	Price is an important {factor}.
aspect	jihat	n	/ˈæspekt/	This is the most interesting {aspect} of the job.
detail	tafsilot	n	/ˈdiːteɪl/	Tell me every {detail}.
element	unsur	n	/ˈelɪmənt/	Trust is an important {element} of friendship.
situation	vaziyat	n	/ˌsɪtʃuˈeɪʃn/	It's a difficult {situation}.
condition	holat, shart	n	/kənˈdɪʃn/	The car is in good {condition}.
circumstances	sharoit	n	/ˈsɜːkəmstənsɪz/	In these {circumstances}, we must wait.
concept	tushuncha	n	/ˈkɒnsept/	The {concept} of time is hard to explain.
principle	tamoyil	n	/ˈprɪnsəpl/	Honesty is my main {principle}.
value	qadriyat, qiymat	n	/ˈvæljuː/	Family is an important {value} in our culture.
standard	me'yor	n	/ˈstændəd/	The {standard} of teaching here is high.
requirement	talab	n	/rɪˈkwaɪəmənt/	A degree is a {requirement} for this job.
option	variant	n	/ˈɒpʃn/	Choose the best {option}.
preference	afzallik	n	/ˈprefrəns/	Do you have a {preference} for tea or coffee?
suggestion	taklif	n	/səˈdʒestʃən/	Thank you for your {suggestion}.
recommendation	tavsiya	n	/ˌrekəmenˈdeɪʃn/	I bought it on your {recommendation}.
proposal	taklif (rasmiy)	n	/prəˈpəʊzl/	The manager accepted our {proposal}.
instruction	ko'rsatma	n	/ɪnˈstrʌkʃn/	Follow the {instruction} on the box.
explanation	tushuntirish	n	/ˌekspləˈneɪʃn/	Thank you for the clear {explanation}.
description	tavsif	n	/dɪˈskrɪpʃn/	Write a short {description} of your room.
definition	ta'rif	n	/ˌdefɪˈnɪʃn/	Look up the {definition} in the dictionary.
comparison	taqqoslash	n	/kəmˈpærɪsn/	Make a {comparison} between the two cities.
contrast	qarama-qarshilik	n	/ˈkɒntrɑːst/	There is a big {contrast} between rich and poor.
similarity	o'xshashlik	n	/ˌsɪməˈlærəti/	There is a {similarity} between the two languages.
imagination	tasavvur	n	/ɪˌmædʒɪˈneɪʃn/	Children have a great {imagination}.
creativity	ijodkorlik	n	/ˌkriːeɪˈtɪvəti/	Art classes develop {creativity}.
talent	iste'dod	n	/ˈtælənt/	She has a {talent} for music.
genius	daho	n	/ˈdʒiːniəs/	Einstein was a {genius}.
wisdom	donolik	n	/ˈwɪzdəm/	My grandmother is full of {wisdom}.
intelligence	aql-idrok	n	/ɪnˈtelɪdʒəns/	Dogs show great {intelligence}.
common sense	sog'lom fikr	n	/ˌkɒmən ˈsens/	Use your {common sense}.
logic	mantiq	n	/ˈlɒdʒɪk/	I don't understand his {logic}.
reality	haqiqat, voqelik	n	/riˈæləti/	Dreams are different from {reality}.
truth	haqiqat	n	/truːθ/	Tell me the {truth}.
myth	afsona	n	/mɪθ/	It's a {myth} that cats hate water.
legend	rivoyat	n	/ˈledʒənd/	There is an old {legend} about this lake.
fairy tale	ertak	n	/ˈfeəri teɪl/	My grandmother told me a {fairy tale}.
biography	tarjimai hol	n	/baɪˈɒɡrəfi/	I'm reading a {biography} of Amir Temur.
author	muallif	n	/ˈɔːθə/	Who is the {author} of this book?
writer	yozuvchi	n	/ˈraɪtə/	She wants to be a {writer}.
poet	shoir	n	/ˈpəʊɪt/	Alisher Navoi was a great {poet}.
novelist	romannavis	n	/ˈnɒvəlɪst/	The {novelist} wrote ten books.
plot	syujet	n	/plɒt/	The {plot} of the film was exciting.
chapter	bob	n	/ˈtʃæptə/	Read the first {chapter} for homework.
ending	yakun	n	/ˈendɪŋ/	The film has a happy {ending}.
scene	sahna, ko'rinish	n	/siːn/	The last {scene} made me cry.
script	ssenariy	n	/skrɪpt/	The actors are reading the {script}.
cast	aktyorlar tarkibi	n	/kɑːst/	The film has a great {cast}.
review	taqriz, sharh	n	/rɪˈvjuː/	The film got a good {review}.
masterpiece	durdona asar	n	/ˈmɑːstəpiːs/	This painting is a {masterpiece}.
painting	rasm (bo'yoq bilan)	n	/ˈpeɪntɪŋ/	There is a beautiful {painting} on the wall.
portrait	portret	n	/ˈpɔːtrət/	The artist painted her {portrait}.
sculptor	haykaltarosh	n	/ˈskʌlptə/	The {sculptor} made a statue of the king.
statue	haykal	n	/ˈstætʃuː/	There is a {statue} of Amir Temur in the square.
craft	hunarmandchilik	n	/krɑːft/	Pottery is a traditional {craft}.
pottery	kulolchilik	n	/ˈpɒtəri/	Rishtan is famous for its {pottery}.
embroidery	kashtachilik	n	/ɪmˈbrɔɪdəri/	Suzani is a kind of {embroidery}.
carpet weaving	gilamdo'zlik	n	/ˈkɑːpɪt wiːvɪŋ/	{Carpet weaving} is an old tradition in Khiva.
orchestra	orkestr	n	/ˈɔːkɪstrə/	The {orchestra} played Mozart.
choir	xor	n	/ˈkwaɪə/	She sings in the school {choir}.
instrument	cholg'u asbobi	n	/ˈɪnstrəmənt/	Do you play a musical {instrument}?
melody	kuy	n	/ˈmelədi/	I can't get this {melody} out of my head.
lyrics	qo'shiq matni	n	/ˈlɪrɪks/	I don't understand the {lyrics}.
album	albom	n	/ˈælbəm/	The band released a new {album}.
talent show	iste'dodlar tanlovi	n	/ˈtælənt ʃəʊ/	She won a {talent show} on TV.
entertainment	ko'ngilochar	n	/ˌentəˈteɪnmənt/	There is a lot of {entertainment} in the city.
leisure	bo'sh vaqt	n	/ˈleʒə/	What do you do in your {leisure} time?
pastime	ermak, mashg'ulot	n	/ˈpɑːstaɪm/	Fishing is his favourite {pastime}.
adventure	sarguzasht	n	/ədˈventʃə/	Our trip was a real {adventure}.
occasion	voqea, munosabat	n	/əˈkeɪʒn/	A wedding is a special {occasion}.
celebration	bayram, tantana	n	/ˌselɪˈbreɪʃn/	The {celebration} lasted all night.
guest list	mehmonlar ro'yxati	n	/ˈɡest lɪst/	Is my name on the {guest list}?
host	mezbon	n	/həʊst/	The {host} welcomed us at the door.
reunion	qayta uchrashuv	n	/riːˈjuːniən/	We had a school {reunion} last year.
gathering	yig'in	n	/ˈɡæðərɪŋ/	It was a small family {gathering}.
atmosphere	muhit	n	/ˈætməsfɪə/	The restaurant has a nice {atmosphere}.
routine	kundalik tartib	n	/ruːˈtiːn/	Exercise is part of my morning {routine}.
chore	uy yumushi	n	/tʃɔː/	Washing dishes is my least favourite {chore}.
errand	topshiriq, yumush	n	/ˈerənd/	I have to run an {errand} for my mother.
priority	ustuvorlik	n	/praɪˈɒrəti/	My family is my first {priority}.
spare time	bo'sh vaqt	n	/ˌspeə ˈtaɪm/	I read in my {spare time}.
tendency	moyillik	n	/ˈtendənsi/	He has a {tendency} to be late.
trend	moda, tendensiya	n	/trend/	Online shopping is a growing {trend}.
fashion trend	moda yo'nalishi	n	/ˈfæʃn trend/	Wide jeans are the latest {fashion trend}.
absence	yo'qlik, kelmaslik	n	/ˈæbsəns/	Nobody noticed his {absence}.
agency	agentlik	n	/ˈeɪdʒənsi/	She works for a travel {agency}.
agriculture	qishloq xo'jaligi	n	/ˈæɡrɪkʌltʃə/	{Agriculture} is important in the Fergana valley.
aid	yordam	n	/eɪd/	The country sent {aid} after the earthquake.
alcohol	spirtli ichimlik	n	/ˈælkəhɒl/	Drivers must not drink {alcohol}.
approach	yondashuv	n	/əˈprəʊtʃ/	We need a new {approach} to the problem.
arrangement	kelishuv, tartib	n	/əˈreɪndʒmənt/	We made an {arrangement} to meet at six.
arrow	o'q (belgi)	n	/ˈærəʊ/	Follow the {arrow} to the exit.
assistance	ko'mak	n	/əˈsɪstəns/	Can I be of any {assistance}?
association	uyushma	n	/əˌsəʊsiˈeɪʃn/	He is a member of the teachers' {association}.
attempt	urinish	n	/əˈtempt/	She passed the test on her first {attempt}.
attention	e'tibor	n	/əˈtenʃn/	Please pay {attention}.
authority	hokimiyat, vakolat	n	/ɔːˈθɒrəti/	The teacher has {authority} in the classroom.
background	kelib chiqish, fon	n	/ˈbækɡraʊnd/	She comes from a musical {background}.
bacteria	bakteriyalar	n	/bækˈtɪəriə/	Wash your hands to kill {bacteria}.
barrier	to'siq	n	/ˈbæriə/	Language can be a {barrier} to communication.
basis	asos	n	/ˈbeɪsɪs/	Trust is the {basis} of friendship.
battle	jang	n	/ˈbætl/	The {battle} lasted three days.
bell	qo'ng'iroq	n	/bel/	The school {bell} rang.
billion	milliard	n	/ˈbɪljən/	The world has about eight {billion} people.
blade	tig'	n	/bleɪd/	The {blade} of this knife is very sharp.
boarding school	internat maktab	n	/ˈbɔːdɪŋ skuːl/	He went to a {boarding school} in England.
bond	rishta	n	/bɒnd/	There is a strong {bond} between the two sisters.
brick	g'isht	n	/brɪk/	The house is made of {brick}.
bunch	dasta, bog'lam	n	/bʌntʃ/	He bought her a {bunch} of flowers.
cable	kabel	n	/ˈkeɪbl/	Plug the {cable} into the TV.
campaign	kampaniya	n	/kæmˈpeɪn/	The school started a {campaign} against litter.
canal	kanal (suv)	n	/kəˈnæl/	The {canal} brings water to the fields.
capacity	sig'im	n	/kəˈpæsəti/	The stadium has a {capacity} of 30,000.
chain	zanjir	n	/tʃeɪn/	She wears a gold {chain}.
chaos	tartibsizlik	n	/ˈkeɪɒs/	The snow caused {chaos} on the roads.
chart	jadval, diagramma	n	/tʃɑːt/	Look at the {chart} on page 20.
childcare	bolalarni parvarish qilish	n	/ˈtʃaɪldkeə/	{Childcare} is expensive in big cities.
circle	aylana	n	/ˈsɜːkl/	Draw a {circle} around the correct answer.
clue	ishora, kalit	n	/kluː/	Give me a {clue}!
coal	ko'mir	n	/kəʊl/	The old factory used {coal}.
code	kod	n	/kəʊd/	Enter the {code} to open the door.
collection	to'plam	n	/kəˈlekʃn/	He has a large {collection} of stamps.
column	ustun	n	/ˈkɒləm/	Write your answers in the second {column}.
committee	qo'mita	n	/kəˈmɪti/	The {committee} will decide tomorrow.
communication	muloqot	n	/kəˌmjuːnɪˈkeɪʃn/	Good {communication} is important in a team.
companion	hamroh	n	/kəmˈpæniən/	My dog is my best {companion}.
compass	kompas	n	/ˈkʌmpəs/	We used a {compass} to find our way.
confusion	chalkashlik	n	/kənˈfjuːʒn/	There was some {confusion} about the time.
construction	qurilish	n	/kənˈstrʌkʃn/	The new metro is under {construction}.
container	idish, konteyner	n	/kənˈteɪnə/	Keep the food in a plastic {container}.
content	mazmun	n	/ˈkɒntent/	The {content} of the course is interesting.
context	kontekst	n	/ˈkɒntekst/	Guess the meaning from the {context}.
contribution	hissa	n	/ˌkɒntrɪˈbjuːʃn/	Thank you for your {contribution}.
cooker	plita	n	/ˈkʊkə/	We bought a new gas {cooker}.
corridor	yo'lak	n	/ˈkɒrɪdɔː/	Don't run in the {corridor}.
costume	kostyum (bayram, sahna)	n	/ˈkɒstjuːm/	She wore a beautiful {costume} in the play.
crew	ekipaj	n	/kruː/	The {crew} of the plane were very friendly.
crisis	inqiroz	n	/ˈkraɪsɪs/	The country is in an economic {crisis}.
criticism	tanqid	n	/ˈkrɪtɪsɪzəm/	He doesn't like {criticism}.
crossroads	chorraha	n	/ˈkrɒsrəʊdz/	Turn left at the {crossroads}.
curiosity	qiziquvchanlik	n	/ˌkjʊəriˈɒsəti/	Children are full of {curiosity}.
dawn	tong otishi	n	/dɔːn/	We left at {dawn}.
deal	kelishuv	n	/diːl/	We made a {deal}.
delight	zavq	n	/dɪˈlaɪt/	The children shouted with {delight}.
democracy	demokratiya	n	/dɪˈmɒkrəsi/	{Democracy} gives people the right to vote.
desire	istak	n	/dɪˈzaɪə/	She has a strong {desire} to travel.
destruction	vayronagarchilik	n	/dɪˈstrʌkʃn/	The war caused great {destruction}.
dialogue	dialog	n	/ˈdaɪəlɒɡ/	Read the {dialogue} with a partner.
diamond	olmos	n	/ˈdaɪəmənd/	She has a {diamond} ring.
diary	kundalik	n	/ˈdaɪəri/	I write in my {diary} every night.
dinosaur	dinozavr	n	/ˈdaɪnəsɔː/	The museum has a {dinosaur} skeleton.
dirt	kir, iflos	n	/dɜːt/	There is {dirt} on your shoes.
disability	nogironlik	n	/ˌdɪsəˈbɪləti/	People with a {disability} can use this entrance.
discipline	intizom	n	/ˈdɪsəplɪn/	The school has strict {discipline}.
display	namoyish, vitrina	n	/dɪˈspleɪ/	There is a beautiful {display} of flowers.
document	hujjat	n	/ˈdɒkjumənt/	Please sign this {document}.
dozen	o'n ikkita	n	/ˈdʌzn/	I bought a {dozen} eggs.
draft	qoralama	n	/drɑːft/	This is only the first {draft} of my essay.
drama	drama	n	/ˈdrɑːmə/	We watched a {drama} about a family.
drawing	chizma, rasm	n	/ˈdrɔːɪŋ/	My son made a {drawing} of our house.
drug	dori, giyohvand modda	n	/drʌɡ/	This {drug} is used to treat headaches.
edge	chet, qirra	n	/edʒ/	Don't stand near the {edge} of the cliff.
edition	nashr	n	/ɪˈdɪʃn/	This is the new {edition} of the dictionary.
emphasis	urg'u	n	/ˈemfəsɪs/	The school puts {emphasis} on speaking.
engine	dvigatel	n	/ˈendʒɪn/	The car {engine} won't start.
entry	kirish	n	/ˈentri/	{Entry} to the museum is free.
episode	qism (serial)	n	/ˈepɪsəʊd/	I watched the last {episode} yesterday.
era	davr	n	/ˈɪərə/	We live in the digital {era}.
essence	mohiyat	n	/ˈesns/	Time is of the {essence}.
exhibit	eksponat	n	/ɪɡˈzɪbɪt/	Don't touch the {exhibit}.
existence	mavjudlik	n	/ɪɡˈzɪstəns/	Do you believe in the {existence} of aliens?
expedition	ekspeditsiya	n	/ˌekspəˈdɪʃn/	They went on an {expedition} to the Arctic.
explosion	portlash	n	/ɪkˈspləʊʒn/	We heard a loud {explosion}.
